category_name,product_name,unit_price
米油沖泡_米．食用油_食用米_米,中興米外銷日本之米(圓ㄧ)3Kg,169
米油沖泡_米．食用油_食用米_米,樂米穀場花東自然農耕特哉鮮白米(圓二)1.5K,189
飲料零食_精選餅乾_鹹餅乾_米果,鴻津太國捲(蛋奶素)-370g,88
日用百貨_家庭清潔_洗衣用品_洗衣精,一匙靈Attack抗菌EX洗衣精補充-1.5Kg,79
生鮮食品_蔬菜．水果．禮盒_各式蔬菜_果實類,台灣履歷去殼玉米筍(每盒約100克),39
米油沖泡_泡麵．麵條_速食麵_麵條拉麵,農心辛拉麵超值包120g x5,159
米油沖泡_米．食用油_食用米_米,三好米ㄧ等壽司米(圓一)2.7kg,278
飲料零食_精選餅乾_鹹餅乾_點心零食,好麗友烏龜玉米脆片,59
米油沖泡_咖啡．茶包_咖啡_咖啡隨身包,UCC經典風味濾掛式咖啡,316
日用百貨_家庭清潔_洗衣用品_洗衣精,依必朗防蹣抗菌洗衣精補充包-綠茶香氛-2000g,69
生鮮食品_肉品．高湯_雞．鴨．家禽_雞肉,安心雞-雞里肌肉,69
米油沖泡_米．食用油_食用米_米,三好履歷契作有身分證米(圓一)3Kg,299
生鮮食品_蔬菜．水果．禮盒_各式蔬菜_根莖、筍類,家樂福嚴選紅蘿蔔(每袋約600g),45
生鮮食品_冷藏食品_各式蛋品_蛋製品,大成白色巨蛋10粒-L(冷藏),79
米油沖泡_咖啡．茶包_咖啡_咖啡隨身包,西雅圖極品深焙二合一咖啡,188
米油沖泡_泡麵．麵條_速食麵_蔬菜口味,維力素飄香麻辣燙風味麵-90gx5,58
米油沖泡_米．食用油_食用米_米,皇家榖堡皇家台東米(圓ㄧ)3Kg,159
飲料零食_精選餅乾_鹹餅乾_點心零食,可樂果素食量販包,58
米油沖泡_調味品．罐頭．湯品_調味粉．醬_醋,工研烏醋 600g,43
冷凍食品_微波食品_微波餐點_義大利麵．丼飯．麵點,讚岐冷凍烏龍麵,83
生活休閒_寵物用品_狗_狗乾糧．罐頭,家樂福超值狗食罐頭(雞肉風味),26
米油沖泡_泡麵．麵條_速食麵_蔬菜口味,味丹隨緣素肉骨茶麵(袋)90gx5,74
米油沖泡_米．食用油_食用米_米,天生好米優質九號米3kg,318
飲料零食_精選餅乾_鹹餅乾_點心零食,好麗友好多魚餅乾(海苔口味),60
米油沖泡_泡麵．麵條_米粉．麵條_米粉及其它口味,王子麵-火鍋/滷味專用50g*5入組,35
生鮮食品_海鮮水產_鮮魚_切片魚,履歷去刺虱目魚肚(每包約150克),89
米油沖泡_咖啡．茶包_咖啡_咖啡隨身包,西雅圖極品深焙三合一咖啡,188
米油沖泡_咖啡．茶包_咖啡_咖啡隨身包,UCC炭燒濾掛式咖啡-8gx24,316
米油沖泡_米．食用油_食用米_米,天生好米嚴選月之米6kg,399
飲料零食_休閒零食_洋芋片．薯條_其它口味,樂事家庭號洋芋片-黑胡椒湖鹽口味-260g,79
米油沖泡_奶粉．麥片．穀粉_早餐食品_燕麥,桂格即沖即食大燕麥片1100g,139
生鮮食品_肉品．高湯_豬．牛．羊肉_豬肉,家樂福冷凍黑豬梅花火鍋片(每盒約250克),130
米油沖泡_泡麵．麵條_速食麵_蔬菜口味,味丹隨緣鮮蔬百匯麵(袋)80gx5,74
生鮮食品_蔬菜．水果．禮盒_菇菌類_香菇類,家樂福有機金針菇(每包約200g),12
飲料零食_精選餅乾_鹹餅乾_點心零食,農心洋蔥圈(原味)-80g,45
飲料零食_精選餅乾_甜餅乾_威化夾心酥,新貴派大格酥鹿耳島抹茶 324g,99
美妝護理_個人清潔_沐浴用品_進口香皂．抗菌香皂．潔手乳,台鹽蓓舒美海鹽抗菌洗手露-500ml,109
冷凍食品_微波食品_冷凍肉品．蔬菜_冷凍蔬菜,龍鳳冷凍青花菜-500g,89
米油沖泡_泡麵．麵條_速食麵_蔬菜口味,維力素飄香-素排骨雞-90gx5,58
生鮮食品_蔬菜．水果．禮盒_菇菌類_香菇類,履歷香菇(每盒約150克),39
飲料零食_精選餅乾_鹹餅乾_其他口味,海太加鈣營養餅-起士口味,51
米油沖泡_米．食用油_食用米_米,台東關山好米(圓二)9kg,499
生鮮食品_冷藏食品_乳製品_優格,家樂福藍莓優格-100gx2,24
日用百貨_家庭清潔_補充配件_靜電紙,無塵氏 酒精抗菌擦拭巾80抽,89
米油沖泡_泡麵．麵條_速食麵_雞肉口味,韓式小雞麵(香辣味)袋裝28g*3,38
美妝護理_女性衛生_衛生棉_夜用,蘇菲超熟睡夜用細緻棉柔28cm(16片x3包),125
飲料零食_精選餅乾_甜餅乾_威化夾心酥,77新貴派18片盒裝-濃郁抹茶-252g,120
生活休閒_日用百貨_餐具/鍋具/廚房配件_鋁箔、保鮮膜袋,妙潔耐熱袋量販包(半斤)265入,84
米油沖泡_泡麵．麵條_速食麵_麵條拉麵,農心爽口海鮮烏龍麵超值包-120gx5,159
飲料零食_休閒零食_洋芋片．薯條_蔬菜,樂事青檸享清新,36
生鮮食品_肉品．高湯_豬．牛．羊肉_豬肉,家樂福冷凍黑豬五花火鍋片(每盒約250克),130
米油沖泡_泡麵．麵條_速食麵_蔬菜口味,維力素飄香-素紅燒牛肉-85gx5,58
日用百貨_家庭清潔_洗衣用品_洗衣精,家樂福超值抗菌濃縮洗衣精,113
日用百貨_家庭清潔_洗衣用品_洗衣精,一匙靈Attack抗菌EX濃縮洗衣精-2.4Kg,149
米油沖泡_泡麵．麵條_速食麵_麵條拉麵,不倒翁起司拉麵(袋)111g,142
冷凍食品_微波食品_微波餐點_義大利麵．丼飯．麵點,家樂福超值蕃茄肉醬義大利麵-1080g,89
生鮮食品_海鮮水產_軟足．文蛤．貝．蝦類_蝦蟹類,履歷白蝦仁(每盒約150克),139
飲料零食_休閒零食_洋芋片．薯條_原味,DJ&A甜辣厚切馬鈴薯條-227g,189
米油沖泡_奶粉．麥片．穀粉_沖泡飲品_其他早餐飲品,桂格鮮穀王-野菇多穀飲-26gx10,142
生活休閒_日用百貨_餐具/鍋具/廚房配件_鋁箔、保鮮膜袋,妙潔耐熱袋量販包(六兩)345入,84
飲料零食_精選餅乾_甜餅乾_威化夾心酥,77新貴派18片盒裝-清爽檸檬-252g,120
飲料零食_精選餅乾_甜餅乾_其它口味,韓國大蒜麵包餅乾-40g,49
飲料零食_茶飲．咖啡．水_茶飲_花茶與水果茶,伊藤園TEASTEA蘋果紅茶535ml,29
飲料零食_茶飲．咖啡．水_茶飲_烏龍茶,悅氏黑烏龍茶-2000ml,45
生活休閒_日用百貨_餐具/鍋具/廚房配件_鋁箔、保鮮膜袋,妙潔耐熱袋量販包(一斤)135入,84
米油沖泡_咖啡．茶包_咖啡_咖啡隨身包,西雅圖大地原始拿鐵無加糖2合1咖啡,309
冷凍食品_火鍋料理_各式火鍋料_火鍋餃/火鍋料,桂冠蝦球,47
冷凍食品_火鍋料理_各式丸類_肉丸,桂冠香菇貢丸,99
飲料零食_果汁．飲料．養生_可樂．汽水．沙士_加味汽水及沙士,維他露大蘋果蘇打-250mlx24,254
米油沖泡_米．食用油_食用米_米,台東關山鎮農會良質米2.5kg,249
生鮮食品_冷藏食品_乳製品_優格,家樂福原味優格-100gx2,24
飲料零食_茶飲．咖啡．水_茶飲_花茶與水果茶,伊藤園TEASTEA蜜桃紅茶535ml,29
米油沖泡_咖啡．茶包_茶包_即溶茶,3點1刻經典原味奶茶-20gx15,129
冷凍食品_火鍋料理_各式火鍋料_火鍋餃/火鍋料,四大天王火鍋餃,94
米油沖泡_泡麵．麵條_速食麵_海鮮口味,不倒翁海鮮烏龍拉麵(袋)120g,133
米油沖泡_奶粉．麥片．穀粉_沖泡飲品_其他早餐飲品,馬玉山黑芝麻紫米堅果飲 30克x12,91
米油沖泡_泡麵．麵條_速食麵_蔬菜口味,隨緣韓式泡菜湯麵(包)75g,75
美妝護理_衛生紙_衛生紙_抽取式,可麗舒抽取衛生紙-100PCx24,234
米油沖泡_奶粉．麥片．穀粉_早餐食品_加味穀片,家樂氏COCO格格脆330g,138
日用百貨_家庭清潔_廚房清潔_廚房紙巾,五月花竹纖維廚房紙巾-60PCx4捲,138
美妝護理_女性衛生_衛生棉_護墊,靠得住香氛瞬吸護墊-梔子花17.5cm-24PCx2,120
生活休閒_日用百貨_餐具/鍋具/廚房配件_鋁箔、保鮮膜袋,OP生物分解抗菌立體密封袋 M,98
美妝護理_女性衛生_衛生棉_夜用,蘇菲超熟睡夜用細緻棉35cm(8片x3包),216
母嬰保健_育嬰用品_嬰幼兒用品_護理用品,優生酒精濕巾80抽-超厚型,99
生鮮食品_海鮮水產_鮮魚_切片魚,履歷金目鱸魚片(每包約280克),169
日用百貨_家庭清潔_廚房清潔_洗碗精,泡舒洗潔精補充包-檸檬-800g,59
飲料零食_精選餅乾_烘培糕餅_中式糕餅/沙其瑪,旭成菜脯酥(純素)-270g,67
米油沖泡_調味品．罐頭．湯品_調味粉．醬_辣醬,陶華碧老干媽香辣脆油辣椒210g,76
生活休閒_日用百貨_餐具/鍋具/廚房配件_鋁箔、保鮮膜袋,OP生物分解抗菌立體密封袋 L,98
生活休閒_日用百貨_免洗餐具_烤肉器材(BBQ),【烤肉用品】菱形烤肉網,20
飲料零食_茶飲．咖啡．水_茶飲_烏龍茶,立頓茶佐茶無糖烏龍紅-535mlx4,67
米油沖泡_米．食用油_食用米_米,金農履歷一等白鷺鷥巡米(圓一)2kg,99
飲料零食_果汁．飲料．養生_可樂．汽水．沙士_加味汽水及沙士,舒味思葡萄柚口味汽水-330mlx4,85
米油沖泡_調味品．罐頭．湯品_調味粉．醬_醋,萬家香特級烏醋 595ml,31
米油沖泡_奶粉．麥片．穀粉_沖泡飲品_其他早餐飲品,馬玉山亞麻籽堅果杏仁飲 28克x10,117
飲料零食_精選餅乾_鹹餅乾_蘇打餅乾,海太天然酵母蘇打餅,52
日用百貨_家庭清潔_補充配件_其他拖把頭,好神拖標準型布盤(極細緻布盤),149
生鮮食品_冷藏食品_乳製品_活性乳酸飲料,啵樂樂乳酸飲料-草莓味-235ml,39
日用百貨_家庭清潔_洗衣用品_洗衣精,清淨海櫻花7+洗衣精,198
米油沖泡_奶粉．麥片．穀粉_早餐食品_燕麥,桂格即沖即食大燕麥片1100g,834
冷凍食品_微波食品_微波餐點_義大利麵．丼飯．麵點,讚岐烏龍湯麵,141
美妝護理_衛生紙_衛生紙_抽取式,五月花蓬厚柔三層抽取衛生紙-110PCx24,439
生鮮食品_冷藏食品_乳製品_活性乳酸飲料,啵樂樂乳酸飲料-牛奶-235ml,39
生鮮食品_肉品．高湯_加工肉品_烤肉食材,立大食品冷凍豬五花烤肉片(每盒約250克),120
米油沖泡_調味品．罐頭．湯品_調味粉．醬_味精,康寶全新鮮味炒手素食500g,165
日用百貨_家庭清潔_居家清潔_除濕劑,克潮靈吊掛式除濕袋-晨露香氛-200gx2,69
生鮮食品_肉品．高湯_豬．牛．羊肉_牛肉,家樂福冷凍美國霜降牛肉燒烤片(每盒約250g),180
米油沖泡_奶粉．麥片．穀粉_沖泡飲品_巧克力飲品,美祿巧克力麥芽飲品鐵罐裝 1.5Kg,358
生鮮食品_肉品．高湯_加工肉品_烤肉食材,立大食品冷凍豬梅花烤肉片(每盒約250克),120
日用百貨_家庭清潔_居家清潔_除濕劑,克潮靈 環保除濕桶補充包-檜木香,59
冷凍食品_冷凍調理_水餃．麵食_其他口味水餃,奇美素食熟水餃(全素)-800g,89
米油沖泡_調味品．罐頭．湯品_調味粉．醬_火鍋醬．湯底,康寶雞湯塊-100g,59
生活休閒_日用百貨_餐具/鍋具/廚房配件_鋁箔、保鮮膜袋,OP生物分解抗菌密封袋 M,98
米油沖泡_奶粉．麥片．穀粉_沖泡飲品_其他早餐飲品,馬玉山山藥五穀粥 35克x12,91
日用百貨_衛浴用品_毛巾．浴巾．海灘巾_方巾,OO 素色毛巾4入-顏色隨機出貨,129
米油沖泡_奶粉．麥片．穀粉_沖泡飲品_其他早餐飲品,馬玉山黑豆多穀堅果飲 30克x12,91
米油沖泡_泡麵．麵條_速食麵_蔬菜口味,維力素飄香麻辣燙風味碗麵-100g,39
日用百貨_家庭清潔_居家清潔_除濕劑,家樂福備長炭集水袋除濕盒,36
生活休閒_寵物用品_狗_狗乾糧．罐頭,【狗罐】寶路原汁牛肉罐頭400g,47
生鮮食品_冷藏食品_調理食品_各式豆腐,宗家府火鍋專用嫩豆腐-350g,49
米油沖泡_奶粉．麥片．穀粉_沖泡飲品_其他早餐飲品,馬玉山山藥黑芝麻糊 30克x12,91
冷凍食品_火鍋料理_各式火鍋料_火鍋餃/火鍋料,韓國水協-四角魚板串(5入),149
米油沖泡_泡麵．麵條_速食麵_麵條拉麵,農心香辣海鮮味烏龍麵超值包120g x5,159
飲料零食_精選餅乾_鹹餅乾_蘇打餅乾,明治蘇打餅乾-26gx4,49
米油沖泡_咖啡．茶包_茶包_綠茶,天仁綠茶,173
米油沖泡_米．食用油_食用米_米,三好履歷台梗九號米(圓三)2.2kg,180
生活休閒_日用百貨_免洗餐具_烤肉器材(BBQ),【烤肉用品】烤肉夾3入,25
美妝護理_衛生紙_衛生紙_抽取式,舒潔女性專用濕式衛生紙,98
飲料零食_休閒零食_洋芋片．薯條_原味,卡迪那全天然洋芋片鹽味175G,69
米油沖泡_調味品．罐頭．湯品_調味粉．醬_烤肉醬．牛排醬,金蘭烤肉醬 240g,42
生活休閒_寵物用品_貓_貓乾糧．罐頭,福壽喵喵貓食-海鮮總匯 4.54Kg,279
日用百貨_家庭清潔_居家清潔_除濕劑,家樂福白玫瑰集水袋除濕盒補充包,48
日用百貨_家庭清潔_居家清潔_除濕劑,克潮靈環保除濕桶補充包-去霉味,59
米油沖泡_咖啡．茶包_茶包_紅茶,天仁阿薩姆紅茶防潮包-2g*100,163
飲料零食_糖果．巧克力．口香糖_糖果_果凍．羊羹,Sugarlolo低卡蒟蒻果凍-水蜜桃-150ml,69
米油沖泡_米．食用油_食用米_米,天生好米履歷鷺巡芋香米2kg,298
飲料零食_精選餅乾_甜餅乾_餅乾棒,樂天杏仁巧克力棒,30
飲料零食_休閒零食_洋芋片．薯條_其它口味,華元波的多洋芋片-酸奶洋蔥口味78g,36
米油沖泡_泡麵．麵條_速食麵_麵條拉麵,韓國不倒翁Q拉麵(純粗麵條)110g*5,78
飲料零食_茶飲．咖啡．水_機能飲料_運動飲料,黑松FIN乳酸菌補給飲料-580mlx4,95
飲料零食_精選餅乾_甜餅乾_奶油雞蛋口味,KASTEL丹麥奶酥餅-340g,139
米油沖泡_咖啡．茶包_咖啡_咖啡隨身包,貝納頌三合一咖啡-經典曼特寧,229
生鮮食品_肉品．高湯_加工肉品_烤肉食材,【金豐盛】蒜鹽百里香醃雞胸(每包約170g),85
飲料零食_茶飲．咖啡．水_礦泉水．氣泡水_氣泡水,泰山Cheers奇兒思檸檬氣泡水-590mlx4,117
生活休閒_寵物用品_貓_貓砂,【寵物用品】F#2貓砂總動員,99
米油沖泡_咖啡．茶包_咖啡_咖啡隨身包,貝納頌二合一咖啡(經典曼特寧風味)13g X25,229
生鮮食品_冷藏食品_調理食品_沙拉．味噌．泡菜．醬料,韓國鄉村泡菜,255
冷凍食品_火鍋料理_各式火鍋料_火鍋餃/火鍋料,韓國水協-魚板辣炒年糕,149
生鮮食品_蔬菜．水果．禮盒_各式蔬菜_果實類,家樂福嚴選台灣迷你水果彩椒(每盒約300克),75
生活休閒_寵物用品_狗_狗乾糧．罐頭,西莎野菜牛肉100g6入/組,188
日用百貨_衛浴用品_毛巾．浴巾．海灘巾_方巾,蘇格蘭格紋毛巾3入-顏色隨機出貨,149
米油沖泡_咖啡．茶包_茶包_綠茶,天仁茉香綠茶,173
米油沖泡_咖啡．茶包_茶包_即溶茶,立頓奶茶粉-減糖原味-17gx20,152
生活休閒_寵物用品_狗_狗乾糧．罐頭,席瑞思犬食-牛肉口味3.5公斤,229
飲料零食_精選餅乾_鹹餅乾_點心零食,農心洋蔥圈(辣味)-70g,45
米油沖泡_泡麵．麵條_速食麵_麵條拉麵,不倒翁金拉麵-辛辣-120g*5,126
美妝護理_個人清潔_沐浴用品_進口香皂．抗菌香皂．潔手乳,美琪天然T3抗菌洗手乳,101
米油沖泡_奶粉．麥片．穀粉_沖泡飲品_其他早餐飲品,馬玉山抹茶牛奶 15克x14,112
米油沖泡_咖啡．茶包_茶包_綠茶,立頓茗閒情100％台灣茶-活綠茶-90g(2.5gx36),176
生活休閒_寵物用品_狗_狗乾糧．罐頭,【狗罐】寶路雞肉罐400g,47
飲料零食_精選餅乾_鹹餅乾_其他口味,Binggrae螃蟹餅乾(火辣炒碼口味),59
米油沖泡_奶粉．麥片．穀粉_早餐食品_什錦果麥,喜瑞爾 Health Passion蔓越莓綜合果麥-320g,169
米油沖泡_米．食用油_食用米_米,中興米台灣魯肉飯(圓一)2.5Kg,258
美妝護理_女性衛生_衛生棉_護墊,靠得住安全瞬吸護墊無香標準型14.5cm-30PCx2,120
米油沖泡_泡麵．麵條_速食麵_麵條拉麵,農心辛辣白菜風味拉麵超值包120g x5,159
生鮮食品_肉品．高湯_加工肉品_烤肉食材,冷凍澳洲牛沙朗烤肉片(每盒約250克),190
日用百貨_家庭清潔_廚房清潔_洗碗精,泡舒抗菌洗潔精-檸檬-2800g,184
日用百貨_家庭清潔_洗衣用品_濃縮洗衣粉,一匙靈Attack抗菌EX超濃縮洗衣粉-1.8Kg,128
米油沖泡_奶粉．麥片．穀粉_沖泡飲品_其他早餐飲品,馬玉山紅豆紫米堅果飲 30克x12,91
日用百貨_衛生紙_面紙．濕紙巾_濕紙巾,家樂福抗菌潔膚濕巾,45
日用百貨_家庭清潔_居家清潔_除濕劑,家樂福除濕劑-薰衣草-450mlx4,68
米油沖泡_奶粉．麥片．穀粉_沖泡飲品_其他早餐飲品,桂格鮮榖王鮮蔬多穀飲,142
生鮮食品_冷藏食品_乳製品_活性乳酸飲料,啵樂樂乳酸飲料-蘋果味-235ml,39
冷凍食品_火鍋料理_各式火鍋料_火鍋餃/火鍋料,桂冠 黃金起司球,47
生活休閒_寵物用品_貓_貓乾糧．罐頭,歡樂派貓乾糧(多種魚類-鮪魚+鮭魚+鱈肉),399
飲料零食_休閒零食_洋芋片．薯條_肉類．海鮮口味,SIMPLY GOOD樂事羅勒青醬嫩雞-81g,45
飲料零食_休閒零食_洋芋片．薯條_原味,好麗友ORION預感香烤洋芋片-原味-64g,69
米油沖泡_咖啡．茶包_咖啡_咖啡粉/咖啡豆,家樂福曼特寧風情咖啡豆,210
日用百貨_家庭清潔_洗衣用品_洗衣精,白蘭強效除蹣過敏洗衣精補充包-1.6Kg,79
飲料零食_精選餅乾_烘培糕餅_千層派/夾心派,好麗友蛋黃派,129
生鮮食品_冷藏食品_調理食品_沙拉．味噌．泡菜．醬料,宗家府泡菜-白菜切塊300g,199
生活休閒_日用百貨_免洗餐具_烤肉器材(BBQ),簡易實用型烤肉架,42
米油沖泡_米．食用油_食用米_米,鹿野農會產地米1.5Kg,179
美妝護理_衛生紙_衛生紙_抽取式,可麗舒抽取衛生紙-100PCx24包x3袋,702
生活休閒_寵物用品_狗_狗乾糧．罐頭,西莎精緻狗食-雞肉100g,188
生活休閒_寵物用品_貓_貓乾糧．罐頭,歡樂派貓乾糧(鮪魚+鮭魚+雞肉),399
米油沖泡_奶粉．麥片．穀粉_沖泡飲品_其他早餐飲品,桂格鮮榖王堅果多穀飲,142
日用百貨_家庭清潔_居家清潔_除濕劑,克潮靈櫥櫃用除濕劑-備長炭-210g*4,85
生鮮食品_肉品．高湯_豬．牛．羊肉_牛肉,家樂福冷凍美國牛霜降火鍋片(每盒約250克),250
米油沖泡_奶粉．麥片．穀粉_沖泡飲品_其他早餐飲品,馬玉山高纖山藥多穀粥 35克x12,129
米油沖泡_咖啡．茶包_咖啡_即溶咖啡,摩卡巴西香濃咖啡補充包,202
飲料零食_精選餅乾_鹹餅乾_其他口味,Binggrae螃蟹餅乾(芥末口味),59
冷凍食品_微波食品_微波餐點_義大利麵．丼飯．麵點,[限量]Olbaan韓國雙層起司仿米熱狗-400g,299
飲料零食_精選餅乾_鹹餅乾_米果,北田能量99棒(南瓜口味),45
米油沖泡_泡麵．麵條_速食麵_麵條拉麵,不倒翁辣起司風味拉麵111g x4,179
飲料零食_果汁．飲料．養生_可樂．汽水．沙士_加味汽水及沙士,英國Barr覆盆子風味無糖飲料-330ml,28
生活休閒_運動．休閒．旅行用品_露營．踏青_瓦斯罐,運動家通用瓦斯罐(3入),89
米油沖泡_奶粉．麥片．穀粉_沖泡飲品_其他早餐飲品,桂格穀珍堅果多多-堅果芝麻糊,90
美妝護理_個人清潔_沐浴用品_進口香皂．抗菌香皂．潔手乳,綠的藥皂,138
生活休閒_日用百貨_餐具/鍋具/廚房配件_鋁箔、保鮮膜袋,南亞保鮮膜真省包 3支/組,199
米油沖泡_咖啡．茶包_茶包_即溶茶,3點1刻日月潭奶茶,129
生鮮食品_人氣熟食_農特產品_紫菜類,登豐特級海帶芽100g,79
生鮮食品_肉品．高湯_加工肉品_烤肉食材,冷凍澳洲牛肩胛烤肉片(每盒約250克),190
生活休閒_寵物用品_狗_狗乾糧．罐頭,【狗食】寶路雞肉包70g,120
日用百貨_家庭清潔_清潔工具_垃圾袋,福營環保捲筒垃圾袋-2.4KG,199
飲料零食_休閒零食_洋芋片．薯條_其它口味,好麗友ORION預感香烤洋芋片(起司)64g,69
飲料零食_精選餅乾_甜餅乾_夾心餅乾,韓國樂天BINCH 巧克力餅乾-204g,139
生鮮食品_人氣熟食_中式熟食_炒類,[限時限量供應]炸棒腿便當,68
米油沖泡_咖啡．茶包_咖啡_咖啡粉/咖啡豆,摩卡極致烘焙豆,348
美妝護理_個人清潔_沐浴用品_沐浴乳,沙威隆抗菌潔淨沐浴乳茶樹精油,149
日用百貨_家庭清潔_居家清潔_除濕劑,家樂福除濕桶補充包- 紫羅蘭香,84
生鮮食品_海鮮水產_家樂福海鮮．產銷履歷_家樂福海鮮,"家樂福大比目魚切片(每包淨重約160g,1片/包)",125
生鮮食品_烘焙食品_西點．蛋糕．麵包_點心,現烤漢式Q餅禮盒8入,328
美妝護理_個人清潔_洗髮保養_護髮乳,朵蔓頭皮淨化噴霧,399
飲料零食_精選餅乾_鹹餅乾_點心零食,歐邁福麵包餅乾香蒜奶油口味-300g,258
米油沖泡_奶粉．麥片．穀粉_沖泡飲品_其他早餐飲品,馬玉山紫山藥黑豆漿 30克x12,89
生鮮食品_冷藏食品_調理食品_沙拉．味噌．泡菜．醬料,[限量]CJ Bibigo切片泡菜500公克,249
生鮮食品_人氣熟食_加工製品_素食,盒裝黃金角螺100g,58
生活休閒_寵物用品_狗_狗乾糧．罐頭,葛莉思犬罐-牛肉口味 400g,37
飲料零食_茶飲．咖啡．水_茶飲_綠茶,光泉冷泡茶三京綠茶無糖-585mlx24,588
米油沖泡_咖啡．茶包_咖啡_即溶咖啡,UCC 117 即溶咖啡,225
美妝護理_女性衛生_衛生棉_夜用,康乃馨夜用特長超薄蝶型(14片x4包),176
飲料零食_精選餅乾_鹹餅乾_蘇打餅乾,明治燕麥蘇打餅乾-26gx4,49
生活休閒_寵物用品_貓_貓乾糧．罐頭,家樂福超值貓乾糧(鮪魚雞肉)1.5K,105
美妝護理_衛生紙_衛生紙_平版式,情人平版衛生紙-300PCx6包,99
生鮮食品_烘焙食品_西點．蛋糕．麵包_點心,現烤烏豆沙蛋黃酥禮盒12入,418
生鮮食品_肉品．高湯_豬．牛．羊肉_豬肉,家樂福冷凍黑豬里肌烤肉片(每盒約250克),130
米油沖泡_奶粉．麥片．穀粉_沖泡飲品_其他早餐飲品,桂格穀珍堅果多多-杏仁蓮子,90
美妝護理_女性衛生_衛生棉_日用加長,蘇菲極淨肌超薄潔翼日用25cm-16PCx2包,154
飲料零食_茶飲．咖啡．水_茶飲_烏龍茶,悅氏黑烏龍茶-2000mlx8,360
米油沖泡_米．食用油_食用米_米,天生好米履歷鷺巡一等白米2.2kg,233
飲料零食_糖果．巧克力．口香糖_糖果_果凍．羊羹,Jelly.B低卡蒟蒻果凍(蘋果味)150g,59
生鮮食品_冷藏食品_調理食品_沙拉．味噌．泡菜．醬料,宗家府泡菜白菜切塊,329
生活休閒_日用百貨_免洗餐具_烤肉器材(BBQ),【烤肉用品】熱鑽石大方塊火種,12
生鮮食品_烘焙食品_西點．蛋糕．麵包_點心,吳寶春無嫌鳳梨酥禮盒12入,420
日用百貨_家庭清潔_居家清潔_除濕劑,克潮靈吊掛式除濕袋-檜木香-200gx2,69
飲料零食_精選餅乾_甜餅乾_夾心餅乾,濃。比利時巧克力法蘭酥 (奶素),67
飲料零食_精選餅乾_鹹餅乾_米果,丸什綜合堅果米果-180g,199
米油沖泡_奶粉．麥片．穀粉_沖泡飲品_其他早餐飲品,馬玉山紫山藥黑米仁 30克x12,91
美妝護理_女性衛生_衛生棉_護墊,靠得住安全瞬吸護墊香氛標準型14.5cm-30PCx2,120
飲料零食_精選餅乾_甜餅乾_奶油雞蛋口味,No Brand 奶油曲奇餅140入,220
美妝護理_個人清潔_洗髮保養_護髮乳,朵蔓頭皮淨化角質霜,399
冷凍食品_冷凍調理_水餃．麵食_其他口味水餃,家樂福素食熟水餃,89
美妝護理_個人清潔_沐浴用品_進口香皂．抗菌香皂．潔手乳,白博士抗菌洗手乳2kg,200
生鮮食品_肉品．高湯_豬．牛．羊肉_豬肉,氣炸人生冷凍豚肋條(貼體包裝)(每盒約300克),200
米油沖泡_咖啡．茶包_茶包_即溶茶,【立頓】奶茶袋裝-東方焙香烏龍,152
生鮮食品_冷藏食品_調理食品_米．麵食,蓮發素食蘿蔔糕(純素)-980g,75
日用百貨_衛浴用品_毛巾．浴巾．海灘巾_方巾,1881純棉素色毛巾4入,139
日用百貨_衛浴用品_毛巾．浴巾．海灘巾_素色浴巾,100純棉緞檔浴巾,238
飲料零食_休閒零食_豆乾．肉乾．海苔_海苔．海苔脆片,韓味不二韓國海苔酥(原味),94
日用百貨_家庭清潔_廚房清潔_廚房紙巾,可麗舒廚房紙巾-60PCx6,97
生鮮食品_人氣熟食_加工製品_素食,久代-袋裝麵筋泡75g_純素,39
飲料零食_休閒零食_瓜子．花生．堅果_堅果,Toms 杏仁果(蜂蜜奶油味)210g,279
米油沖泡_咖啡．茶包_茶包_其它,家樂福康福茶,149
日用百貨_家庭清潔_清潔工具_垃圾袋,OP花香環保袋(中)-檸檬香,68
米油沖泡_奶粉．麥片．穀粉_沖泡飲品_三合一麥片,桂格 奇亞籽麥片-鮮奶紅茶-300g,109
米油沖泡_咖啡．茶包_茶包_其它,家樂福洋甘菊茶,149
米油沖泡_奶粉．麥片．穀粉_沖泡飲品_其他早餐飲品,馬玉山核桃榛果杏仁 30克x13,89
飲料零食_精選餅乾_烘培糕餅_中式糕餅/沙其瑪,台鳳牌鳳梨酥-全麥(蛋奶素),49
飲料零食_休閒零食_瓜子．花生．堅果_混合,嘉禾素食蠶豆-450g,75
飲料零食_茶飲．咖啡．水_礦泉水．氣泡水_氣泡水,美國LaCroix西西里檸檬風味氣泡水-355ml,39
美妝護理_個人清潔_沐浴用品_進口香皂．抗菌香皂．潔手乳,綠的潔手乳-220mlx2,90
米油沖泡_調味品．罐頭．湯品_調味粉．醬_烤肉醬．牛排醬,李錦記蜜汁烤肉醬 240g,72
生活休閒_寵物用品_狗_狗乾糧．罐頭,家樂福超值狗食罐頭(雞肉風味),620
生鮮食品_烘焙食品_西點．蛋糕．麵包_點心,現烤烏豆沙蛋黃酥禮盒8入,288
米油沖泡_泡麵．麵條_速食麵_麵條拉麵,Paldo金炸醬麵(包)203gx4,216
日用百貨_家庭清潔_清潔工具_垃圾袋,OP花香環保袋(中)-薰衣草,68
生活休閒_寵物用品_貓_貓乾糧．罐頭,福壽喵喵貓食(鮪魚) 4.54Kg,279
飲料零食_茶飲．咖啡．水_茶飲_綠茶,金車日式綠茶-580mlX4,100
日用百貨_家庭清潔_居家清潔_除濕劑,克潮靈吊掛式除濕袋-晨露香氛-200gx4,124
生鮮食品_人氣熟食_農特產品_調理藥膳,私房小膳養生藥膳-肉骨茶-69g,65
米油沖泡_奶粉．麥片．穀粉_早餐食品_加味穀片,雀巢美祿可可球-170g,85
生活休閒_寵物用品_狗_狗乾糧．罐頭,葛莉思犬罐-雞肉口味 400g,37
生鮮食品_冷藏食品_調理食品_沙拉．味噌．泡菜．醬料,江南泡菜-900g,188
生活休閒_寵物用品_狗_狗乾糧．罐頭,西莎主廚蒔蘿焗烤菲力牛100g,188
日用百貨_家庭清潔_居家清潔_除濕劑,克潮靈櫥櫃專用除濕劑-玫瑰,82
飲料零食_茶飲．咖啡．水_咖啡_咖啡(冷藏),貝納頌極品鑑賞級咖啡(無加糖)250ml,36
日用百貨_家庭清潔_衛浴清潔_消毒劑,來舒噴霧抗菌清潔劑--原野香,168
米油沖泡_奶粉．麥片．穀粉_早餐食品_加味穀片,雀巢可可脆片早餐脆片-170g,85
飲料零食_精選餅乾_甜餅乾_其它口味,啵樂樂甜筒威化-巧克力風味-53.4g,99
美妝護理_女性衛生_衛生棉_日用標準,蘇菲極淨肌極薄0.1潔翼日用23cm-10PCx3包,154
米油沖泡_調味品．罐頭．湯品_調味粉．醬_火鍋醬．湯底,福華牌沙茶醬(大) 737g,149
米油沖泡_泡麵．麵條_米粉．麵條_米粉及其它口味,NOBRAND經典炸醬拉麵,218
生鮮食品_人氣熟食_農特產品_調理藥膳,私房小膳養生藥膳-四神湯-90g,65
日用百貨_家庭清潔_清潔工具_垃圾袋,OP花香環保袋(中)-小蒼蘭,68
米油沖泡_調味品．罐頭．湯品_調味粉．醬_辣醬,陶華碧老干媽油辣椒210g,76
美妝護理_個人清潔_沐浴用品_沐浴乳,依必朗抗菌沐浴露1000ml(清爽健康),163
美妝護理_個人清潔_沐浴用品_進口香皂．抗菌香皂．潔手乳,沙威隆茶樹精油抗菌潔淨洗手乳-250ml,99
冷凍食品_冷凍調理_水餃．麵食_其他口味水餃,義美素食水餃(全素)1050g,107
生活休閒_寵物用品_貓_貓砂,【寵物用品】環保丹球貓砂 5公升,129
冷凍食品_微波食品_冷凍肉品．蔬菜_冷凍蔬菜,龍鳳冷凍青豆仁-500g,62
米油沖泡_調味品．罐頭．湯品_調味粉．醬_火鍋醬．湯底,愛之味素食沙茶醬120g,93
日用百貨_家庭清潔_洗衣用品_濃縮洗衣粉,清淨海櫻花7+洗衣粉,198
日用百貨_家庭清潔_居家清潔_除濕劑,克潮靈吊掛式除濕袋-去霉味-200gx4,124
生鮮食品_烘焙食品_西點．蛋糕．麵包_點心,佳德鳳梨酥禮盒12入,450
米油沖泡_咖啡．茶包_茶包_其它,米森有機黑糖老薑茶,135
飲料零食_精選餅乾_鹹餅乾_點心零食,好麗友好多魚餅乾(烤蝦口味)90g,69
冷凍食品_微波食品_微波餐點_義大利麵．丼飯．麵點,韓國釜山炸醬魚板炒年糕-300g,189
米油沖泡_泡麵．麵條_米粉．麵條_粉絲,韓國Otaste辣炒年糕冬粉杯-原味128g,99
米油沖泡_泡麵．麵條_米粉．麵條_米粉及其它口味,不倒翁辛辣拉麵(袋)120gx5,133
米油沖泡_泡麵．麵條_速食麵_蔬菜口味,維力炸醬麵(包)-素食 90g,447
米油沖泡_咖啡．茶包_茶包_其它,韓國蜂蜜柚子茶 1Kg,269
米油沖泡_調味品．罐頭．湯品_調理食品_調理食品,宗家府韓式冬粉-109g,109
米油沖泡_泡麵．麵條_米粉．麵條_米粉及其它口味,火辣雞肉風味鐵板炒麵(奶油白醬風味)130gx5,269
飲料零食_糖果．巧克力．口香糖_巧克力_加味巧克力,Kisses 巧酥白巧克力36g,36
米油沖泡_泡麵．麵條_速食麵_麵條拉麵,不倒翁特級海鮮風味烏龍拉麵-120gx4,149
米油沖泡_咖啡．茶包_茶包_紅茶,家樂福日月紅茶-2.4gx25入,120
美妝護理_女性衛生_衛生棉_日用標準,靠得住溫柔宣言輕柔棉日用23cm-12PCx3,136
生活休閒_寵物用品_貓_貓乾糧．罐頭,偉嘉乾貓糧化毛配方 3kg,339
母嬰保健_沐浴護膚_沐浴．洗髮_沐浴精,依必朗兒童抗菌沐浴乳,112
米油沖泡_調味品．罐頭．湯品_調味粉．醬_辣醬,陶華碧老干媽豆鼓油制辣椒210g,76
生活休閒_寵物用品_狗_狗乾糧．罐頭,IQ Dog 成犬乾狗糧-羊肉13.5kg,409
米油沖泡_泡麵．麵條_米粉(未使用),曾粉-麻辣肉燥-82g*4,199
生鮮食品_人氣熟食_加工製品_素食,久代-袋裝角螺150g_純素基改,60
生鮮食品_冷藏食品_調理食品_沙拉．味噌．泡菜．醬料,CJ Bibigo韓式蘿蔔塊-480g,229
美妝護理_衛生紙_衛生紙_抽取式,五月花蓬厚柔三層抽取衛生紙-110PCx72,1317
美妝護理_女性衛生_衛生棉_夜用,靠得住純白體驗超吸洞夜用超薄(13片x3包),138
生活休閒_日用百貨_免洗餐具_烤肉器材(BBQ),【烤肉用品】大波浪網,59
生活休閒_寵物用品_貓_貓砂,【寵物用品】WORTH我是細砂,117
米油沖泡_調味品．罐頭．湯品_調理食品_調理食品,宗家府泡菜煎餅-160g,109
冷凍食品_微波食品_微波餐點_義大利麵．丼飯．麵點,韓國釜山辣味海鮮炒年糕-250g,189
美妝護理_美妝保養_乳液．防曬．保養_面膜．乳霜,韓國isLeaf極緻水感保濕面膜22ml-膠原蛋白,19
飲料零食_茶飲．咖啡．水_機能飲料_乳酸飲料,韓國樂天乳酸蘇打風味飲-250ml,29
美妝護理_個人清潔_沐浴用品_沐浴乳,沙威隆抗菌保濕沐浴乳蘆薈精華,149
生活休閒_寵物用品_狗_狗乾糧．罐頭,加好寶經典狗餅乾 300G,55
生鮮食品_人氣熟食_農特產品_紫菜類,登豐海帶芽120g,99
飲料零食_茶飲．咖啡．水_茶飲_烏龍茶,光泉冷泡茶茶王烏龍-1235mlx12,540
冷凍食品_微波食品_微波餐點_義大利麵．丼飯．麵點,[限量]Olbaan韓國泡菜起司炒飯-414g,199
米油沖泡_奶粉．麥片．穀粉_沖泡飲品_其他早餐飲品,桂格穀珍堅果多多松子堅果燕麥,90
生活休閒_日用百貨_免洗餐具_烤肉器材(BBQ),【烤肉用品】火種-30粒,18
米油沖泡_奶粉．麥片．穀粉_早餐食品_什錦果麥,喜瑞爾 Health Passion橙橘果麥-紫心脆蕾-320g,169
生鮮食品_人氣熟食_農特產品_紫菜類,家樂福素食海帶芽,95
日用百貨_家庭清潔_洗衣用品_柔軟精,家樂福JUNGLE廣藿香柑橘柔軟精-1.18 L,139
米油沖泡_調味品．罐頭．湯品_調味粉．醬_調理用粉,CJ韓式煎餅粉,139
米油沖泡_奶粉．麥片．穀粉_沖泡飲品_其他早餐飲品,馬玉山榛果杏仁茶 30克x12,89
米油沖泡_調味品．罐頭．湯品_肉類罐頭_肉類罐頭,維力素食炸醬罐175g,63
日用百貨_家庭清潔_清潔工具_垃圾袋,OP花香環保袋(大)-薰衣草,68
日用百貨_家庭清潔_居家清潔_除濕劑,克潮靈香水環保除濕桶小蒼蘭英國梨,59
米油沖泡_咖啡．茶包_咖啡_即溶咖啡,伯朗冷凍乾燥即溶咖啡-精緻濃萃 100g,139
飲料零食_精選餅乾_甜餅乾_餅乾棒,LOTTE PEPERO-巧克力夾心棒50g,35
米油沖泡_咖啡．茶包_茶包_烏龍茶,立頓茗閒情100％台灣茶-高山烏龍茶-61.6g(2.8gx22),176
生鮮食品_烘焙食品_西點．蛋糕．麵包_點心,奶油小酥餅6入,180
美妝護理_美妝保養_乳液．防曬．保養_面膜．乳霜,韓國isLeaf極緻水感保濕面膜22ml-蘆薈,19
冷凍食品_微波食品_微波餐點_義大利麵．丼飯．麵點,讚岐大膳拉麵,158
冷凍食品_火鍋料理_各式丸類_肉丸,桂冠福州丸,99
生鮮食品_冷藏食品_乳製品_活性乳酸飲料,啵樂樂乳酸飲料-藍莓味-235ml,39
飲料零食_精選餅乾_烘培糕餅_千層派/夾心派,義大利AD餡餅-檸檬醬風味,69
米油沖泡_奶粉．麥片．穀粉_沖泡飲品_巧克力飲品,阿華田 減糖巧克力營養麥芽飲品-31gx14,172
飲料零食_果汁．飲料．養生_可樂．汽水．沙士_加味汽水及沙士,維他露大蘋果蘇打-2000mlx6,294
飲料零食_糖果．巧克力．口香糖_糖果_軟糖,日本甘樂鮮果實軟糖-葡萄口味56g,55
米油沖泡_咖啡．茶包_咖啡_咖啡粉/咖啡豆,家樂福哥斯大黎加濾泡式咖啡粉,99
米油沖泡_咖啡．茶包_茶包_即溶茶,伯朗奶茶3合1,108
米油沖泡_泡麵．麵條_米粉．麵條_米粉及其它口味,王子滷味寬麵(包)50g,35
大小家電_廚房家電_多功能鍋_電磁爐,飛利浦HD4924智慧變頻電磁爐,1380
米油沖泡_泡麵．麵條_米粉(未使用),曾粉-紅蔥肉燥 87g x4,187
日用百貨_家庭清潔_清潔工具_垃圾袋,OP花香環保袋(小)-檸檬香,68
米油沖泡_泡麵．麵條_米粉．麵條_粉絲,中農網裝冬粉380g,85
生活休閒_寵物用品_狗_狗乾糧．罐頭,家樂福超值狗乾糧(雞肉風味)3.5K,129
生活休閒_寵物用品_貓_貓乾糧．罐頭,咪歐貓罐-沙丁魚口味 170g,23
日用百貨_家庭清潔_廚房清潔_廚房清潔劑,CLOROX 高樂氏萬用強力去汙清潔劑-清新香-946ml,146
飲料零食_糖果．巧克力．口香糖_糖果_果凍．羊羹,Jelly.B低卡蒟蒻果凍(青葡萄味)150g,59
冷凍食品_微波食品_油炸速食_海產類,韓國辣拌魷魚絲-50g,175
生鮮食品_人氣熟食_農特產品_紫菜．魚乾．烏魚子,登豐櫻花蝦40g,99
生活休閒_寵物用品_貓_貓砂,【寵物用品】砂砂,188
米油沖泡_泡麵．麵條_速食麵_麵條拉麵,PALDO韓國乾拌麵130g x5,176
米油沖泡_調味品．罐頭．湯品_調味粉．醬_火鍋醬．湯底,康寶香菇湯塊-100g,59
米油沖泡_咖啡．茶包_咖啡_即溶咖啡,伯朗冷凍乾燥即溶咖啡-極致香醇 100g,139
米油沖泡_咖啡．茶包_咖啡_其他,星巴克那堤咖啡膠囊(12顆),230
日用百貨_家庭清潔_清潔工具_垃圾袋,OP花香環保袋(小)-小蒼蘭,68
美妝護理_個人清潔_洗髮保養_功能性洗髮精,【海倫仙度絲】去屑止癢呵護洗髮乳,239
米油沖泡_咖啡．茶包_茶包_其它,Tea Zen 韓國玉米鬚茶,168
生活休閒_寵物用品_貓_貓砂,【寵物用品】優質環保松木砂,199
生活休閒_寵物用品_狗_狗乾糧．罐頭,博朗氏挑嘴犬狗糧 1.8公斤,199
飲料零食_精選餅乾_鹹餅乾_蘇打餅乾,健康物語黑豆藜麥蘇打餅280g,119
美妝護理_衛生紙_衛生紙_抽取式,舒潔親膚海洋膠原蛋白衛生紙-100PCx20,395
冷凍食品_火鍋料理_各式丸類_魚丸,桂冠成功旗魚丸,99
生鮮食品_冷藏食品_調理食品_米．麵食,蓮發素食芋頭糕-980g,75
生活休閒_寵物用品_貓_貓乾糧．罐頭,咪亞機能貓罐-鮪魚+雞肉口味 160g,25
生活休閒_寵物用品_狗_狗乾糧．罐頭,西莎餐盒南法野菜燉雞100g6入/組,188
米油沖泡_奶粉．麥片．穀粉_早餐食品_什錦果麥,Mestemacher什錦水果穀片,249
生活休閒_寵物用品_貓_貓乾糧．罐頭,咪歐貓罐-鮪魚口味 170g,23
飲料零食_休閒零食_豆乾．肉乾．海苔_豆乾,家樂福素食香菇風味豆乾(非基改),79
冷凍食品_火鍋料理_各式丸類_肉丸,大成桐德黑豚肉貢丸300g,159
米油沖泡_咖啡．茶包_咖啡_咖啡粉/咖啡豆,伯朗精選綜合咖啡豆-450g,368
米油沖泡_咖啡．茶包_咖啡_咖啡隨身包,伯朗曼特寧咖啡3合1,108
生活休閒_日用百貨_免洗餐具_烤肉器材(BBQ),【烤肉用品】合家歡不鏽鋼無毒烤肉網,99
米油沖泡_咖啡．茶包_茶包_其它,韓味不二生黃金柚子茶(果醬),390
日用百貨_家庭清潔_居家清潔_滅蟲用品,花仙子防蚊香膏-香茅薄荷,65
生鮮食品_烘焙食品_西點．蛋糕．麵包_點心,佳德鳳梨酥禮盒6入,239
飲料零食_休閒零食_豆乾．肉乾．海苔_豆乾,富貴香-蜜汁素肉乾(純素)300g,129
飲料零食_茶飲．咖啡．水_茶飲_花茶與水果茶,紅茶花伝皇家橙茶-470mlx24,648
日用百貨_家庭清潔_洗衣用品_洗衣皂．皂絲,家樂福洗衣皂,62
冷凍食品_火鍋料理_各式火鍋料_火鍋餃/火鍋料,家樂福魚餃,29
米油沖泡_調味品．罐頭．湯品_調味粉．醬_辣醬,李錦記蒜蓉辣椒醬368g,105
米油沖泡_調味品．罐頭．湯品_肉類罐頭_肉類罐頭,如意猴頭菇絲200g-純素,98
日用百貨_衛生紙_面紙．濕紙巾_濕紙巾,康乃馨抗菌濕巾-50PCx2,99
日用百貨_家庭清潔_清潔工具_垃圾袋,OP花香環保袋(大)-檸檬香,68
美妝護理_個人清潔_沐浴用品_進口香皂．抗菌香皂．潔手乳,綠的抗菌皂-活力清新-100gx3,68
米油沖泡_調味品．罐頭．湯品_調味粉．醬_辣醬,李錦記辣豆瓣醬368g,104
美妝護理_女性衛生_衛生棉_夜用,溫柔宣言輕柔棉超夜用超長35cm(8片x3包),136
米油沖泡_咖啡．茶包_茶包_即溶茶,3點1刻沖繩黑糖奶茶,129
日用百貨_家庭清潔_清潔工具_打掃工具．地墊,HK家居 94拖雙滾輪膠棉拖把,196
日用百貨_家庭清潔_居家清潔_放置型芳香劑,Farcent香水室內擴香-小蒼蘭英國梨-120ml,199
日用百貨_家庭清潔_洗衣用品_柔軟精,Lenor蘭諾衣物芳香豆補充包(晨曦玫瑰)455ml,199
日用百貨_家庭清潔_洗衣用品_柔軟精,Lenor蘭諾衣物芳香豆補充包(清晨草木)455ml,199
米油沖泡_咖啡．茶包_茶包_其它,立頓茗閒情100％台灣茶-茉莉花茶-100.8g(2.8gx36),176
生活休閒_寵物用品_狗_狗乾糧．罐頭,西莎蒸鮮包成犬 低脂雞肉70g,148
米油沖泡_咖啡．茶包_茶包_其它,天仁茉莉香片經濟包,125
米油沖泡_奶粉．麥片．穀粉_沖泡飲品_其他早餐飲品,3點1刻 奶油玉米濃湯-18gx12,160
飲料零食_精選餅乾_鹹餅乾_點心零食,卡滋卡哩卡哩-黑胡椒風味-95g,35
日用百貨_家庭清潔_居家清潔_除濕劑,家樂福環保除濕桶 600ml毫升X2個/組,72
米油沖泡_調味品．罐頭．湯品_調味粉．醬_辣醬,CJ BIBIGO 韓式豆瓣醬(肉沾醬),145
日用百貨_衛浴用品_毛巾．浴巾．海灘巾_方巾,1881竹炭毛巾3入,139
米油沖泡_米．食用油_食用米_米,大倉池農池上契作栽培米(圓二)6kg,486
米油沖泡_泡麵．麵條_米粉(未使用),曾粉-香菇肉燥-85g*4,187
生鮮食品_人氣熟食_農特產品_調理藥膳,四神湯(調理用)-140g,58
米油沖泡_奶粉．麥片．穀粉_沖泡飲品_巧克力飲品,Swiss Miss牛奶巧克力可可粉280g,95
日用百貨_家庭清潔_居家清潔_噴頭式芳香劑,家樂福定量噴霧式芳香劑-紫羅蘭,60
米油沖泡_奶粉．麥片．穀粉_沖泡飲品_其他早餐飲品,馬玉山燕麥薏仁漿 30克x12,91
米油沖泡_調味品．罐頭．湯品_調味粉．醬_調味拌醬,CJ韓式醃烤肉醬(原味)480g,155
生活休閒_日用百貨_免洗餐具_烤肉器材(BBQ),【烤肉用品】自然風環保椰子炭超值包-2kg,105
生鮮食品_冷藏食品_乳製品_調味乳,Binggrae哈密瓜牛奶(保久調味乳)200mlx3,120
生活休閒_寵物用品_狗_狗乾糧．罐頭,多納滋低敏犬狗糧 2.0公斤,109
米油沖泡_奶粉．麥片．穀粉_沖泡飲品_其他早餐飲品,馬玉山亞麻籽堅果紅豆飲 28克x10,117
日用百貨_(勿上架)餐廚用具_水壺/茶壺,BH歐亞耐熱玻璃水壺1400ml,379
飲料零食_休閒零食_豆乾．肉乾．海苔_海苔．海苔脆片,韓國大海願-原味岩燒海苔酥,95
美妝護理_個人清潔_沐浴用品_沐浴乳,Farcent香水胺基酸沐浴露-絲滑白麝香,349
飲料零食_精選餅乾_甜餅乾_其它口味,啵樂樂甜筒威化-草莓風味-53.4g,99
米油沖泡_泡麵．麵條_米粉．麵條_粉絲,韓國Otaste辣炒年糕冬粉杯-辣炸醬味-128g,99
飲料零食_糖果．巧克力．口香糖_糖果_果凍．羊羹,Jelly.B低卡蒟蒻果凍(水蜜桃味)150g,59
生鮮食品_海鮮水產_家樂福海鮮．產銷履歷_家樂福海鮮,家樂福鯛魚片(每包淨重約480克),205
米油沖泡_咖啡．茶包_茶包_即溶茶,【立頓】奶茶袋裝-東方茉香奶綠,152
米油沖泡_咖啡．茶包_茶包_即溶茶,【立頓】奶茶袋裝-英式經典,152
生鮮食品_海鮮水產_鮮魚_海水．淡水魚,"履歷抱卵母香魚(每包約500克,約3-4尾)",399
生活休閒_寵物用品_貓_貓乾糧．罐頭,偉嘉妙鮮包7+熟齡貓鮪魚85g四入裝,79
米油沖泡_泡麵．麵條_米粉．麵條_米粉及其它口味,宗家府火辣泡菜麵,151
生鮮食品_烘焙食品_西點．蛋糕．麵包_點心,顏新發X福源花生醬太陽餅禮盒10入,390
飲料零食_茶飲．咖啡．水_礦泉水．氣泡水_氣泡水,舒味思伯爵紅茶風味氣泡水500mlx24,504
飲料零食_精選餅乾_甜餅乾_威化夾心酥,No Brand起司風味爆漿捲心酥-115g,79
飲料零食_精選餅乾_鹹餅乾_點心零食,好麗友ORION雞米花脆餅(起司炸雞)81g,59
美妝護理_美妝保養_乳液．防曬．保養_面膜．乳霜,韓國isLeaf極緻水感保濕面膜22ml-蝸牛,19
飲料零食_糖果．巧克力．口香糖_糖果_軟糖,SEOJU優格軟糖-水蜜桃 50g,59
日用百貨_家庭清潔_洗衣用品_洗衣精,全效抗菌柔軟洗衣精-3500g,109
生活休閒_寵物用品_狗_狗乾糧．罐頭,家樂福超值狗乾糧(牛肉風味)3.5K,129
飲料零食_精選餅乾_甜餅乾_奶油雞蛋口味,禾法頌布列塔尼薄脆捲餅,89
米油沖泡_咖啡．茶包_咖啡_咖啡隨身包,伯朗三合一咖啡-焦糖瑪琪朵,131
生活休閒_寵物用品_貓_貓砂,【寵物用品】WORTH我是粗砂,117
米油沖泡_米．食用油_食用米_胚芽米,天生好米履歷鷺巡一等糙米2.2kg,298
日用百貨_衛生紙_面紙．濕紙巾_濕紙巾,沙威隆清爽抗菌濕巾(88抽/包),74
米油沖泡_泡麵．麵條_速食麵_麵條拉麵,Paldo 御膳味增拉麵-120gx5,189
米油沖泡_奶粉．麥片．穀粉_早餐食品_加味穀片,家樂氏穀物早餐鯊魚寶寶限定版-320g,165
美妝護理_女性衛生_衛生棉_夜用,靠得住完美封漏夜用棉柔28cm-12PCx3包,165
美妝護理_個人清潔_洗髮保養_洗髮精,Elastine香水洗髮精-永恆珍愛-600ml,200
米油沖泡_咖啡．茶包_咖啡_咖啡隨身包,西雅圖極品深焙濾掛咖啡-特調綜合,208
米油沖泡_咖啡．茶包_咖啡_即溶咖啡,UCC 114 即溶咖啡,225
冷凍食品_微波食品_冷凍肉品．蔬菜_冷凍蔬菜,龍鳳冷凍蔬菜-火腿混蔬-500g,77
日用百貨_家庭清潔_洗衣用品_冷洗精,毛寶除蹣抗菌冷洗精- 補充包-800g,83
米油沖泡_泡麵．麵條_速食麵_麵條拉麵,農心醡醬風味麵(包)140g,134
生鮮食品_烘焙食品_西點．蛋糕．麵包_點心,現烤月皇酥禮盒8入,308
米油沖泡_奶粉．麥片．穀粉_早餐食品_什錦果麥,米森有機草莓莓果脆麥片,275
生鮮食品_烘焙食品_西點．蛋糕．麵包_點心,奇華至尊精裝月餅禮盒8入,850
日用百貨_家庭清潔_清潔工具_垃圾袋,OP花香環保袋(大)-小蒼蘭,68
米油沖泡_咖啡．茶包_咖啡_即溶咖啡,雀巢金牌微研磨咖啡隨行包-2gx50,340
飲料零食_精選餅乾_鹹餅乾_點心零食,CW-豬豬五花肉風味脆片-70g,79
冷凍食品_微波食品_微波餐點_義大利麵．丼飯．麵點,韓國釜山白醬魚板炒年糕-300g,189
日用百貨_家庭清潔_居家清潔_噴頭式芳香劑,Drs Formula 除臭清新噴霧茶香,139
美妝護理_衛生紙_面紙_盒裝面紙,舒潔迪士尼盒裝面紙-140PCx5,133
美妝護理_個人清潔_洗髮保養_功能性洗髮精,【海倫仙度絲】男士去屑洗髮乳淨爽控油,239
生活休閒_寵物用品_狗_狗乾糧．罐頭,寶多福健康犬餐-熟齡配方-3.5Kg,187
米油沖泡_咖啡．茶包_茶包_烏龍茶,台灣茶人辦公室正能量-速甘金萱-2gx25,139
日用百貨_家庭清潔_洗衣用品_洗衣精,香草淨抗菌洗衣皂液,198
飲料零食_果汁．飲料．養生_蔬果汁_其它,酷椰嶼芋頭椰奶-200mlx6,115
米油沖泡_咖啡．茶包_咖啡_咖啡隨身包,伯朗咖啡藍山風味,108
米油沖泡_咖啡．茶包_茶包_即溶茶,3點1刻經典玫瑰花果奶茶,129
生活休閒_日用百貨_免洗餐具_烤肉器材(BBQ),【烤肉用品】自然風環保炭重量包-7kg,249
生活休閒_寵物用品_貓_貓乾糧．罐頭,愛貓機能餐罐(鮪魚+牛肉)85g,25
日用百貨_家庭清潔_洗衣用品_柔軟精,Lenor蘭諾衣物芳香豆補充包(馥郁野莓)455ml,199
飲料零食_果汁．飲料．養生_可樂．汽水．沙士_加味汽水及沙士,英國Barr檸檬風味飲料-330ml,28
母嬰保健_嬰幼兒食品_嬰兒點心_嬰兒點心．牙餅,ibobomi嬰兒米餅(菠菜味)30g,125
生鮮食品_冷藏食品_調理食品_各式豆腐,深坑 臭豆腐,105
飲料零食_糖果．巧克力．口香糖_糖果_糖果．棒棒糖,Mammos  柚子糖,55
生活休閒_寵物用品_狗_狗乾糧．罐頭,【寵物零食】聖萊西多滿牛肉起司切條250g,188
生鮮食品_人氣熟食_農特產品_紫菜．魚乾．烏魚子,登豐 蝦皮150g,69
生活休閒_日用百貨_餐具/鍋具/廚房配件_鋁箔、保鮮膜袋,妙潔PE保鮮膜 30CM*30M,139
美妝護理_個人清潔_沐浴用品_沐浴乳,美琪抗菌沐浴乳680ml(白麝香),158
冷凍食品_火鍋料理_各式丸類_魚丸,慶豐虱目魚丸,79
生活休閒_寵物用品_狗_狗乾糧．罐頭,好一頓狗罐頭(雞肉口味),35
米油沖泡_米．食用油_食用米_胚芽米,家樂福花蓮有機長秈糙米,179
飲料零食_果汁．飲料．養生_可樂．汽水．沙士_加味汽水及沙士,舒味思葡萄柚口味汽水-330mlx24,510
米油沖泡_泡麵．麵條_速食麵_麵條拉麵,PALDO御膳火辣章魚乾拌麵130g,166
米油沖泡_咖啡．茶包_茶包_即溶茶,TSUJIRI 抹茶拿鐵粉(200g),219
美妝護理_女性衛生_衛生棉_夜用,靠得住溫柔宣言輕柔棉夜用(11片x3包),136
米油沖泡_調味品．罐頭．湯品_調味粉．醬_咖哩,榖盛素食咖哩 220g,86
生鮮食品_海鮮水產_鮮魚_切片魚,美威鮭魚輕鬆料理-輕鬆蒸(附醬包),429
米油沖泡_調味品．罐頭．湯品_醬菜罐頭_其它蔬菜,辣椒叔叔-茶油剝皮辣椒450g,120
飲料零食_休閒零食_豆乾．肉乾．海苔_魷魚絲,韓國海苔魚乾脆片-辣味,89
飲料零食_精選餅乾_甜餅乾_其它口味,啵樂樂甜筒威化-乳酸風味-53.4g,99
日用百貨_家庭清潔_居家清潔_滅蟲用品,鱷魚水蒸式殺蹣滅蟑劑20g*3罐,395
米油沖泡_咖啡．茶包_咖啡_咖啡隨身包,伯朗曼特寧咖啡2合1,108
米油沖泡_咖啡．茶包_茶包_烏龍茶,立頓茗閒情100％台灣茶-東方美人茶-50.4g(2.8gx18),176
飲料零食_休閒零食_豆乾．肉乾．海苔_海苔．海苔脆片,韓國大海願-辣味岩燒海苔酥,95
日用百貨_衛浴用品_毛巾．浴巾．海灘巾_素色浴巾,MIT竹炭紗緞檔浴巾,159
米油沖泡_咖啡．茶包_咖啡_其他,星巴克黃金烘焙義式濃縮咖啡膠囊(12顆),250
母嬰保健_嬰幼兒食品_嬰兒點心_嬰兒點心．牙餅,ibobomi嬰兒米餅(原味)30g,125
飲料零食_精選餅乾_鹹餅乾_點心零食,泰國瑪努拉特大包蝦片-175g,139
飲料零食_休閒零食_洋芋片．薯條_原味,西班牙Torres 鵝肝風味洋芋片-150g,179
米油沖泡_咖啡．茶包_茶包_其它,家樂福玫瑰花茶,149
米油沖泡_調味品．罐頭．湯品_調味粉．醬_醋,工研烏醋 600g,516
生活休閒_寵物用品_狗_狗乾糧．罐頭,西莎100g-牛肉及肝 100g,188
日用百貨_家庭清潔_居家清潔_噴頭式芳香劑,Drs Formula 除臭清新噴霧無香,139
美妝護理_個人清潔_洗髮保養_功能性洗髮精,【海倫仙度絲】去屑薄荷舒爽洗髮乳,239
生鮮食品_海鮮水產_家樂福海鮮．產銷履歷_家樂福海鮮,家樂福鯛魚下巴(每包淨重約980克),155
米油沖泡_米．食用油_食用米_米,日本一番米(圓一)2Kg,436
米油沖泡_調味品．罐頭．湯品_調味粉．醬_烤肉醬．牛排醬,牛頭牌咖哩炒醬 737g,179
生活休閒_寵物用品_狗_狗乾糧．罐頭,慧心犬糧-牛肉小型犬配方3Kg,190
冷凍食品_微波食品_冷凍肉品．蔬菜_冷凍蔬菜,龍鳳冷凍蔬菜-三色混蔬-500g,69
生鮮食品_冷藏食品_調理食品_米．麵食,OURHOME辣炒年糕-冷藏,208
米油沖泡_奶粉．麥片．穀粉_沖泡飲品_其他早餐飲品,馬玉山亞麻籽堅果黑豆飲 28克x10,117
美妝護理_個人清潔_洗髮保養_洗髮精,飛柔淨油柔順微米洗髮露530ML530ml,179
日用百貨_家庭清潔_居家清潔_滅蟲用品,熊寶貝衣物香氛袋-典雅玫瑰-7gx3,99
飲料零食_精選餅乾_甜餅乾_奶油雞蛋口味,No Brand 椰子風味曲奇餅,243
冷凍食品_冰品_各式冰品_冰棒,家樂福超值芋頭枝仔冰棒-375g,29
冷凍食品_冰品_各式冰品_冰棒,家樂福超值綠豆枝仔冰棒-375g,29
米油沖泡_咖啡．茶包_咖啡_其他,雀巢咖啡冷萃咖啡膠囊-116.4g,239
米油沖泡_咖啡．茶包_茶包_即溶茶,摩卡厚實茶道抹茶拿鐵-25gx15,235
美妝護理_美妝保養_乳液．防曬．保養_面膜．乳霜,韓國isLeaf極緻水感保濕面膜22ml-小黃瓜,19
飲料零食_精選餅乾_甜餅乾_其它口味,CW恐龍造型餅乾-60g,79
美妝護理_個人清潔_沐浴用品_沐浴乳,依必朗抗菌沐浴露-保濕洋甘菊-1000ml,163
美妝護理_個人清潔_沐浴用品_進口香皂．抗菌香皂．潔手乳,快潔適貓熊抑菌洗手乳,99
飲料零食_精選餅乾_甜餅乾_其它口味,CW恐龍造型餅乾(起司味)60g,79
美妝護理_個人清潔_沐浴用品_沐浴乳,綠的綠茶抗菌沐浴乳,128
米油沖泡_泡麵．麵條_速食麵_蔬菜口味,隨緣韓式泡菜湯麵(包)75g,445
大小家電_廚房家電_多功能鍋_電磁爐,大同TIH-F1300B電磁爐,1082
米油沖泡_奶粉．麥片．穀粉_早餐食品_什錦果麥,Mestemacher什錦榛果穀片,249
米油沖泡_調味品．罐頭．湯品_調味粉．醬_調味拌醬,CJ bibigo 韓式醃烤肉醬(原味),155
生活休閒_寵物用品_貓_貓乾糧．罐頭,丹 鮪魚雞肉貓罐-185g,25
美妝護理_個人清潔_洗髮保養_洗髮精,Elastine大馬士革玫瑰香水洗髮精-600ml,200
米油沖泡_泡麵．麵條_速食麵_牛肉口味,Pulmuone辣牛肉湯刀切麵-120.9x4,220
米油沖泡_奶粉．麥片．穀粉_早餐食品_什錦果麥,韓國家樂氏黑豆糙米穀物脆-莓果豆漿塊310g,199
飲料零食_休閒零食_豆乾．肉乾．海苔_魷魚絲,韓國海苔魚乾脆片-醬油,89
冷凍食品_冰品_各式冰品_冰棒,家樂福超值紅豆枝仔冰棒-375g,29
飲料零食_精選餅乾_甜餅乾_奶油雞蛋口味,St.Michel奶油餅-130g,104
飲料零食_茶飲．咖啡．水_礦泉水．氣泡水_氣泡水,Lotte 樂天氣泡水(檸檬味)500ml,49
米油沖泡_咖啡．茶包_茶包_其它,家樂福藍莓果茶,149
米油沖泡_調味品．罐頭．湯品_調味粉．醬_醋,工研白醋 600ml,516
米油沖泡_調味品．罐頭．湯品_調味粉．醬_醬油膏,萬家香大吟釀香菇素蠔油-純素-510g,68
日用百貨_家庭清潔_清潔工具_打掃工具．地墊,EVA素色舒柔墊9入-藍色 32*32*1cm,179
生活休閒_寵物用品_狗_狗乾糧．罐頭,【狗食】葛莉思犬食-羊肉+蔬菜+玄米13.5kg,645
米油沖泡_泡麵．麵條_速食麵_麵條拉麵,不倒翁金螃蟹海鮮風味拉麵-130gx4,269
米油沖泡_咖啡．茶包_咖啡_其他,星巴克咖啡膠囊-焦糖瑪奇朵-127.8g,230
飲料零食_茶飲．咖啡．水_咖啡_咖啡,韋恩Flash Brew閃萃拿鐵咖啡-500mlx4,145
日用百貨_家庭清潔_清潔工具_打掃工具．地墊,好神拖輕清拖乾濕兩用刮水拖把-綠色,899
生鮮食品_海鮮水產_家樂福海鮮．產銷履歷_家樂福海鮮,"家樂福大比目魚切片(每包淨重約400g,2片/包)",299
生活休閒_日用百貨_免洗餐具_烤肉器材(BBQ),【烤肉用品】合家歡直立式烤肉架,599
米油沖泡_咖啡．茶包_咖啡_即溶咖啡,有機囍瑞即溶咖啡,259
米油沖泡_奶粉．麥片．穀粉_沖泡飲品_巧克力飲品,Swiss Miss棉花糖熱可可粉-39gx8,95
米油沖泡_調味品．罐頭．湯品_調味粉．醬_烤肉醬．牛排醬,金蘭烤肉醬-590ml,75
生鮮食品_冷藏食品_調理食品_沙拉．味噌．泡菜．醬料,白玉美滋沙拉醬(奶素),69
飲料零食_茶飲．咖啡．水_茶飲_花茶與水果茶,波爾茶檸檬口味 320ml,108
美妝護理_衛生紙_衛生紙_抽取式,春風黃阿瑪卡通版抽取式衛生紙-100PCx20,244
米油沖泡_咖啡．茶包_茶包_其它,米森有機漢方養氣茶,185
米油沖泡_奶粉．麥片．穀粉_早餐食品_什錦果麥,韓國家樂氏蔓越莓杏仁穀物脆300g,199
飲料零食_茶飲．咖啡．水_咖啡_咖啡,Asahi Wonda 特製咖啡歐蕾-179mlx6,174
日用百貨_家庭清潔_洗衣用品_柔軟精,家樂福RED牡丹石榴柔軟精-1.18L,139
冷凍食品_冰品_各式冰品_冰淇淋,雅方瑪克冰淇淋-瑞士巧克力-500g,99
飲料零食_精選餅乾_鹹餅乾_點心零食,多倫斯番茄口味怪獸餅-75g,60
米油沖泡_泡麵．麵條_速食麵_麵條拉麵,KORMOSA韓素香芹菜香菇湯麵-110gx4,145
冷凍食品_冰品_各式冰品_冰淇淋,雅方瑪克冰淇淋-香檳葡萄-500g,99
大小家電_季節家電_電扇_桌扇,iGRASS 多功能迷你頸掛風扇-綠色,990
飲料零食_精選餅乾_甜餅乾_其它口味,韓國樂天披薩麵包餅-70g,59
美妝護理_個人清潔_洗髮保養_功能性洗髮精,【海倫仙度絲】去屑檸檬草洗髮乳,239
米油沖泡_咖啡．茶包_茶包_紅茶,家樂福日月紅茶立體袋茶2.5gx40,199
美妝護理_個人清潔_洗髮保養_洗髮精,Elastine奢華香水洗髮精-甜蜜愛戀-600ml,200
日用百貨_衛浴用品_毛巾．浴巾．海灘巾_方巾,狗家族繡絨毛巾-藍色,69
生鮮食品_冷藏食品_調理食品_米．麵食,宗家府年糕條-500g,199
米油沖泡_咖啡．茶包_咖啡_即溶咖啡,雀巢金牌咖啡罐裝深焙風味120g,253
生活休閒_寵物用品_貓_貓乾糧．罐頭,偉嘉妙鮮包海洋魚類85g四入裝,79
飲料零食_休閒零食_豆乾．肉乾．海苔_海苔．海苔脆片,天命海苔酥(原味),89
生鮮食品_烘焙食品_西點．蛋糕．麵包_點心,現烤迷你小綠豆凸禮盒8入,199
米油沖泡_咖啡．茶包_咖啡_其他,星巴克哥倫比亞義式濃縮咖啡膠囊(12顆),250
生鮮食品_肉品．高湯_加工肉品_烤肉食材,【金豐盛】美式香辣BBQ醃雞翅(每包約300g),105
日用百貨_家庭清潔_清潔工具_打掃工具．地墊,好神拖輕清拖乾濕兩用刮水拖把-紅色,899
米油沖泡_調味品．罐頭．湯品_調味粉．醬_調味拌醬,江原道鯷魚海鮮高湯包-120,249
生活休閒_寵物用品_貓_貓乾糧．罐頭,【貓罐】饗食貓餐罐(純鮪魚)170g,138
生活休閒_日用百貨_免洗餐具_烤肉器材(BBQ),【烤肉用品】自然風特選燒烤專用炭精1.8kg,139
生鮮食品_冷藏食品_調理食品_中式早餐．包子饅頭,卡好饅頭大地全麥-540g,78
米油沖泡_泡麵．麵條_米粉(未使用),聖光牌純米米粉-素食風味-85g,45
飲料零食_果汁．飲料．養生_蔬果汁_蘋果汁,囍瑞100%純天然蘋果汁-200mlx3,106
飲料零食_果汁．飲料．養生_蔬果汁_葡萄汁,囍瑞100%純天然紅葡萄汁-200mlx3,106
飲料零食_糖果．巧克力．口香糖_巧克力_純巧克力,義大利采霓100％極黑巧克力-75g,185
飲料零食_精選餅乾_甜餅乾_其它口味,韓國樂天洋蔥麵包餅-70g,59
日用百貨_家庭清潔_居家清潔_除濕劑,妙管家芳香除濕劑-薰衣草香-235gx4,97
生活休閒_寵物用品_貓_貓砂,【寵物用品】F#3雅貓貓砂（5kg),149
生活休閒_寵物用品_狗_狗乾糧．罐頭,【狗罐】寶路原汁牛肉罐頭400g,1105
生鮮食品_冷藏食品_調理食品_蒟蒻/素食,財廣記古早味素食蘿蔔糕(純素)1000g,129
生活休閒_日用百貨_免洗餐具_烤肉器材(BBQ),【烤肉用品】15寸長炭夾,29
生鮮食品_冷藏食品_調理食品_蒟蒻/素食,財廣記素食麥克雞塊(蛋素),129
生活休閒_寵物用品_貓_貓乾糧．罐頭,【貓罐】加好寶貓罐-遠洋鮪魚大餐-170g,23
日用百貨_衛浴用品_毛巾．浴巾．海灘巾_童巾,狗家族繡絨童巾-藍色,45
生活休閒_寵物用品_貓_貓乾糧．罐頭,咪亞機能貓罐-鮪魚+小魚干口味 160g,25
生活休閒_寵物用品_貓_貓乾糧．罐頭,丹 沙丁鮭魚貓罐-185g,25
生鮮食品_烘焙食品_西點．蛋糕．麵包_點心,現烤綜合蛋黃酥禮盒12入,438
生活休閒_日用百貨_餐具/鍋具/廚房配件_鋁箔、保鮮膜袋,【烤肉用品】鋁箔429烤肉方盤2入,57
生鮮食品_人氣熟食_農特產品_紫菜．魚乾．烏魚子,登豐丁香魚100g,119
日用百貨_家庭清潔_居家清潔_滅蟲用品,熊寶貝衣物香氛袋-清新茉莉-7gX3,99
日用百貨_(勿上架)餐廚用具_各式不沾鍋,特福新經典系列36cm不沾雙耳炒鍋(加蓋),1980
米油沖泡_咖啡．茶包_茶包_紅茶,家樂福紅茶袋茶,145
生活休閒_寵物用品_狗_狗乾糧．罐頭,【狗罐】寶路牛肉罐400g,1105
冷凍食品_微波食品_微波餐點_義大利麵．丼飯．麵點,讚歧北方刀削麵,120
米油沖泡_調味品．罐頭．湯品_調味粉．醬_調味拌醬,CJ bibigo 韓式醃烤肉醬(香辣),155
生活休閒_寵物用品_狗_狗乾糧．罐頭,寶多福健康犬餐-熟齡小型犬-3.5kg,229
米油沖泡_泡麵．麵條_速食麵_麵條拉麵,PALDO男子麵(包)115g x5,160
生鮮食品_烘焙食品_西點．蛋糕．麵包_點心,吳寶春特選四重溪鳳黃酥12入禮盒,600
米油沖泡_調味品．罐頭．湯品_調味粉．醬_咖哩,地球牌泰式黃咖哩醬-50g,49
日用百貨_家庭清潔_洗衣用品_洗衣精,香草淨抗菌洗衣皂液,198
米油沖泡_泡麵．麵條_米粉．麵條_米粉及其它口味,NOBRAND韓式大醬辣牛肉風味拉麵-115gx5,218
飲料零食_休閒零食_豆乾．肉乾．海苔_海苔．海苔脆片,韓味不二兒童海苔酥-40g,119
美妝護理_個人清潔_洗髮保養_洗髮精,Elastine奢華香水洗髮精-輕甜花語-600ml,200
米油沖泡_奶粉．麥片．穀粉_沖泡飲品_其他早餐飲品,3點1刻田園南瓜濃湯-18gx12,160
日用百貨_家庭清潔_居家清潔_放置型芳香劑,康朵 白麝香室內香氛擴香膏-120g,129
冷凍食品_冰品_各式冰品_冰淇淋,雅方瑪克冰淇淋-巧克力-500g,99
飲料零食_休閒零食_洋芋片．薯條_原味,西班牙Torres 熟成起司風味洋芋片-150g,179
米油沖泡_咖啡．茶包_茶包_其它,韓廚蜂蜜檸檬柚子茶-1Kg,318
大小家電_季節家電_電扇_桌扇,iGRASS 多功能迷你頸掛風扇-白色,990
生活休閒_寵物用品_狗_狗乾糧．罐頭,寶路X型潔牙骨綠茶小型犬專用75g,58
美妝護理_個人清潔_沐浴用品_進口香皂．抗菌香皂．潔手乳,美琪抗菌皂白麝香6入裝,162
美妝護理_個人清潔_洗髮保養_功能性洗髮精,呂韓方頭皮養護洗髮精營養潤澤,329
飲料零食_精選餅乾_烘培糕餅_千層派/夾心派,義大利AD果醬餡餅-蘋果,69
日用百貨_家庭清潔_洗衣用品_洗衣精,香草淨抗菌洗衣皂液,198
生鮮食品_烘焙食品_西點．蛋糕．麵包_點心,王鵬傑冠軍Q餅禮盒8入,480
米油沖泡_奶粉．麥片．穀粉_沖泡飲品_其他早餐飲品,義美山藥黑芝麻粉-420g,295
日用百貨_家庭清潔_清潔工具_打掃工具．地墊,好神拖輕清拖乾濕兩用刮水拖把-黃色,899
米油沖泡_咖啡．茶包_茶包_綠茶,家樂福綠茶袋茶,145
日用百貨_家庭清潔_廚房清潔_洗碗精,泡舒抗菌洗潔精-檸檬-2800gx4,736
生鮮食品_冷藏食品_調理食品_蒟蒻/素食,蓮廚猴菇麻油蔬(蛋奶素),69
美妝護理_個人清潔_洗髮保養_潤髮乳,Elastine奢華香水潤髮乳-甜蜜愛戀-600ml,200
生活休閒_寵物用品_狗_狗乾糧．罐頭,寶路狗乾糧牛肉口味3Kg,229
米油沖泡_調味品．罐頭．湯品_調味粉．醬_辣醬,李錦記桂林辣椒醬368g,104
生鮮食品_冷藏食品_調理食品_沙拉．味噌．泡菜．醬料,正安蘿蔔切塊 罐裝,199
冷凍食品_火鍋料理_各式火鍋料_火鍋餃/火鍋料,桂冠 德式起司腸,48
日用百貨_家庭清潔_衛浴清潔_消毒劑,悍菌遁超濃縮配方清香消毒液,179
飲料零食_茶飲．咖啡．水_機能飲料_乳酸飲料,SAKI 清涼脫脂乳飲料 250ML,149
生活休閒_寵物用品_狗_狗乾糧．罐頭,聖萊西多滿牛肉條棒280g,182
美妝護理_個人清潔_洗髮保養_功能性洗髮精,【海倫仙度絲】茉莉花香氛去屑洗髮乳750ml,239
生鮮食品_冷藏食品_調理食品_香腸．肉類調理,台畜維也納香腸-200g,95
生鮮食品_烘焙食品_西點．蛋糕．麵包_點心,現烤芋頭流心酥禮盒12入,418
米油沖泡_咖啡．茶包_咖啡_咖啡隨身包,UCC 3合1珈琲-原味拿鐵-18gx12,159
日用百貨_家庭清潔_洗衣用品_洗衣精,康朵英國梨小蒼蘭香水洗衣精補充包-1800ml,149
冷凍食品_冰品_各式冰品_雪糕,雙葉布丁風味雪糕-75gx5,52
冷凍食品_冰品_各式冰品_冰棒,家樂福超值梅子枝仔冰棒-375g,29
飲料零食_茶飲．咖啡．水_茶飲_綠茶,Arizona甜綠茶-680ml,65
飲料零食_糖果．巧克力．口香糖_糖果_果凍．羊羹,韓國KAKAO果凍(水蜜桃味)130g,59
美妝護理_個人清潔_沐浴用品_進口香皂．抗菌香皂．潔手乳,綠的乾洗手消毒潔手凝露,71
美妝護理_個人清潔_沐浴用品_進口香皂．抗菌香皂．潔手乳,綠的抗菌潔手慕斯-花朵泡泡-500ml,136
冷凍食品_微波食品_微波餐點_義大利麵．丼飯．麵點,讚歧北方中華蛋黃拉麵,75
生鮮食品_海鮮水產_家樂福海鮮．產銷履歷_家樂福海鮮,家樂福草蝦,399
生活休閒_日用百貨_免洗餐具_烤肉器材(BBQ),【烤肉用品】自然風環保炭3.6公斤,142
生鮮食品_冷藏食品_調理食品_中式早餐．包子饅頭,卡好饅頭芝麻燕麥-540g,78
美妝護理_個人清潔_洗髮保養_洗髮精,可瑞絲頭皮去屑止癢舒敏洗髮精600ml 韓國進口,349
米油沖泡_奶粉．麥片．穀粉_沖泡飲品_巧克力飲品,Swiss Miss濃密棉花糖熱可可粉-272g,125
生活休閒_寵物用品_貓_貓乾糧．罐頭,丹 沙丁鮪魚貓罐-185g,25
美妝護理_個人清潔_沐浴用品_進口香皂．抗菌香皂．潔手乳,美琪抗菌洗手乳-淨萃青桔-700ml,101
日用百貨_家庭清潔_居家清潔_滅蟲用品,速必效免驚蚊防蚊液80ml,199
日用百貨_家庭清潔_居家清潔_除濕劑,妙管家芳香除濕劑-玫瑰-235gx4,97
大小家電_季節家電_空氣清淨機_空氣清淨機濾網,Honeywell HRF-R1 True HEPA,707
日用百貨_家庭清潔_居家清潔_放置型芳香劑,美國Renuzit室內芳香凍-柑橘果園,49
日用百貨_家庭清潔_衛浴清潔_浴室清潔劑,CLOROX 高樂氏強效除霉劑-473ml,199
米油沖泡_咖啡．茶包_茶包_其它,韓味不二蘋果茶(果醬),450
,錦鯉魚飼料 5Kg,399
日用百貨_家庭清潔_居家清潔_滅蟲用品,熊寶貝衣物香氛袋-經典山茶花-7gx3,99
美妝護理_個人清潔_洗髮保養_功能性洗髮精,呂 韓方頭皮養護洗髮精去屑止癢,329
美妝護理_個人清潔_洗髮保養_功能性洗髮精,呂韓方頭皮養護洗髮精染燙受損,329
美妝護理_個人清潔_洗髮保養_潤髮乳,呂韓方頭皮養護潤髮乳染燙受損,329
美妝護理_女性衛生_衛生棉_日用標準,愛康超透氣衛生棉日用-8PCx4,259
生鮮食品_冷藏食品_調理食品_香腸．肉類調理,台畜瑞典小丸子-200g,82
生活休閒_車用百貨_汽車用品_室內配件,Farcent香水車用香氛袋-小蒼蘭英國梨,96
生鮮食品_冷藏食品_乳製品_調味乳,Binggrae蜜桃荔枝牛奶(保久調味乳)200ml,120
生鮮食品_肉品．高湯_加工肉品_烤肉食材,【金豐盛】台味腐乳醃雞翅(每包約300g),105
冷凍食品_冰品_各式冰品_冰淇淋,雅方瑪克冰淇淋-芋頭-500g,99
飲料零食_茶飲．咖啡．水_茶飲_奶茶,伯朗絲絨奶茶-580mlx24,672
飲料零食_茶飲．咖啡．水_茶飲_綠茶,金車日式綠茶-580mlX24,600
日用百貨_家庭清潔_洗衣用品_洗衣精,台塑-防蹣抗菌濃縮洗衣精補充,151
日用百貨_家庭清潔_居家清潔_除濕劑,家樂福白玫瑰集水袋除濕盒,36
日用百貨_家庭清潔_補充配件_靜電紙,立得清 驅蟻防蹣濕拖巾,69
米油沖泡_咖啡．茶包_茶包_其它,韓國蜂蜜檸檬茶 1Kg,269
日用百貨_家庭清潔_洗衣用品_柔軟精,【Lenor蘭諾】衣物芳香豆(青蘋甜麝香)520ml,279
米油沖泡_調味品．罐頭．湯品_調味粉．醬_調味拌醬,膳府韓國傳統辣椒醬,109
米油沖泡_調味品．罐頭．湯品_醬菜罐頭_其它蔬菜,金博家辣椒先生經典剝皮辣椒170g,109
生活休閒_日用百貨_餐具/鍋具/廚房配件_咖啡/花茶配件,扇形無漂白咖啡濾紙 LZB-102-40 40入,89
飲料零食_茶飲．咖啡．水_礦泉水．氣泡水_氣泡水,舒跑透明系氣泡水-510mlx24,648
冷凍食品_冰品_各式冰品_冰淇淋,雅方瑪克冰淇淋-香草-500g,99
飲料零食_精選餅乾_甜餅乾_其它口味,St.Michel巧克力奶油餅-150g,128
米油沖泡_咖啡．茶包_茶包_其它,萬歲牌紅茶堅果拿鐵-25gx10,129
米油沖泡_咖啡．茶包_茶包_即溶茶,摩卡厚實茶道紅茶拿鐵-25gx15,235
生鮮食品_烘焙食品_西點．蛋糕．麵包_點心,憨星人中秋月餅綠豆椪禮盒9入,510
飲料零食_糖果．巧克力．口香糖_糖果_軟糖,韓國樂天綜合QQ糖(柑橘)61g,59
飲料零食_精選餅乾_甜餅乾_巧克力口味,CW恐龍造型餅乾(巧克力味)60g,79
生鮮食品_冷藏食品_調理食品_沙拉．味噌．泡菜．醬料,正安白菜切塊 罐裝,199
米油沖泡_抹醬．蜂蜜．奶油_花生．巧克力醬_花生．巧克力醬,家樂福榛果巧克力醬-400g,99
生活休閒_寵物用品_狗_狗乾糧．罐頭,【狗食】寶路乾糧雞肉及蔬菜口味3kg,229
飲料零食_休閒零食_豆乾．肉乾．海苔_海苔．海苔脆片,天命海苔酥(蔬菜口味),89
生活休閒_日用百貨_餐具/鍋具/廚房配件_鋁箔、保鮮膜袋,妙潔輕鬆黏保鮮膜(隨手撕)30cmx50M,109
生活休閒_日用百貨_餐具/鍋具/廚房配件_咖啡/花茶配件,錐形無漂白咖啡濾紙 LZB-V02-40 40入,89
飲料零食_精選餅乾_甜餅乾_奶油雞蛋口味,St.Michel迷你奶油餅-3.5gx40,150
米油沖泡_咖啡．茶包_咖啡_即溶咖啡,星巴克特選系列-卡布奇諾咖啡(每盒內含4杯),135
日用百貨_衛浴用品_毛巾．浴巾．海灘巾_方巾,高級飯店款-素色毛巾-白色,129
日用百貨_衛浴用品_毛巾．浴巾．海灘巾_方巾,高級飯店款-素色毛巾-原棉色,129
生活休閒_寵物用品_貓_貓乾糧．罐頭,【貓食】偉嘉乾貓糧海洋魚類3kg,339
美妝護理_個人清潔_洗髮保養_功能性洗髮精,【海倫仙度絲】去屑潔淨保濕洗髮乳,239
米油沖泡_奶粉．麥片．穀粉_沖泡飲品_其他早餐飲品,桂格鮮榖王莓果多穀飲,142
生活休閒_寵物用品_狗_狗乾糧．罐頭,【狗食】葛莉思犬食-關節保健配方2kg,174
生活休閒_日用百貨_免洗餐具_烤肉器材(BBQ),【烤肉用品】自然風正304不鏽鋼串燒烤針30cm,85
美妝護理_個人清潔_洗髮保養_洗髮精,多芬日常修護洗髮乳680ml,198
生活休閒_寵物用品_狗_狗乾糧．罐頭,【狗食】西莎低脂火雞與蔬菜狗乾糧1kg,236
生活休閒_寵物用品_狗_狗乾糧．罐頭,慧心犬糧-牛肉+牛奶口味幼犬配方3KG,190
美妝護理_個人清潔_沐浴用品_進口香皂．抗菌香皂．潔手乳,沙威隆經典抗菌皂,129
米油沖泡_泡麵．麵條_米粉．麵條_米粉及其它口味,激辛火辣雞肉風味鐵板炒麵-140gx5,269
美妝護理_個人清潔_沐浴用品_沐浴乳,美琪抗菌沐浴乳680ml(海洋),158
美妝護理_女性衛生_衛生棉_日用標準,愛康超透氣衛生棉日夜用組(日8PCx2+夜7PCx2),399
生活休閒_寵物用品_狗_狗乾糧．罐頭,多納滋室內犬狗糧 2.0公斤,109
生活休閒_寵物用品_狗_狗乾糧．罐頭,博朗氏成齡犬狗糧 1.8公斤,199
服飾鞋包_流行鞋襪_拖鞋．涼鞋_室內拖鞋,7926舒適便利室內拖鞋 深藍 XL,199
生活休閒_日用百貨_免洗餐具_烤肉器材(BBQ),【烤肉用品】自然風燒烤專用炭精3.2kg超值包,239
生鮮食品_冷藏食品_調理食品_米．麵食,宗家府年糕片-500g,199
美妝護理_女性衛生_衛生棉_夜用,靠得住完美封漏後漏終結35cm-7PCx2,119
美妝護理_個人清潔_沐浴用品_沐浴乳,微風如沐沐浴乳-香甜柚-1200g,420
米油沖泡_咖啡．茶包_茶包_綠茶,台灣茶人辦公室正能量-玫瑰綠茶-2gx25,139
美妝護理_衛生紙_衛生紙_抽取式,春風柔韌感山茶花抽取衛生紙-110PCx72,912
美妝護理_個人清潔_洗髮保養_護髮乳,呂滋養韌髮蔘層髮膜_清爽型,289
飲料零食_休閒零食_瓜子．花生．堅果_堅果,Toms 杏仁果(乳酸飲料風味)210g,279
美妝護理_個人清潔_洗髮保養_洗髮精,Elastine島嶼花園奢華香水洗髮精–淨化控油款-600ml,339
生鮮食品_烘焙食品_西點．蛋糕．麵包_點心,憨星人中秋月餅蛋黃酥禮盒9入,510
美妝護理_美妝保養_乳液．防曬．保養_爽身噴霧,GATSBY體用抗菌濕巾大包裝,189
米油沖泡_咖啡．茶包_咖啡_咖啡隨身包,Rober Timms哥倫比亞濾袋咖啡,398
飲料零食_果汁．飲料．養生_蔬果汁_蕃茄汁,SAKI番茄汁180ML,149
飲料零食_糖果．巧克力．口香糖_糖果_糖果．棒棒糖,Mammos 高麗人蔘糖,55
飲料零食_糖果．巧克力．口香糖_糖果_糖果．棒棒糖,Mammos 高麗紅蔘糖,55
生活休閒_日用百貨_傢俱/層架_床/床墊,防蹣抗菌記憶床墊平面10公分-單人,2790
生鮮食品_肉品．高湯_加工肉品_調味肉排,[植物蛋白素]Beyond meat 未來漢堡排(每包約227g),499
米油沖泡_泡麵．麵條_速食麵_牛肉口味,NOBRAND經典辣牛肉風味拉麵-115gx5,218
飲料零食_精選餅乾_鹹餅乾_點心零食,No Brand黃豆粉韓式年糕風味餅乾-130g,120
冷凍食品_冰品_各式冰品_冰淇淋,雅方瑪克冰淇淋-草莓-500g,99
冷凍食品_冰品_各式冰品_冰淇淋,雅方瑪克冰淇淋-芒果-500g,99
米油沖泡_泡麵．麵條_速食麵_麵條拉麵,韓國不倒翁OH拉麵125g x4,149
生鮮食品_人氣熟食_農特產品_調理藥膳,游建好素食肉骨茶(純素)50g,89
日用百貨_家庭清潔_居家清潔_滅蟲用品,必安住水蒸式白蟻衣魚殺蹣滅蟑,236
生活休閒_寵物用品_狗_狗乾糧．罐頭,【狗食】寶路乾糧羊肉及蔬菜口味3kg,229
日用百貨_衛浴用品_毛巾．浴巾．海灘巾_方巾,1881純棉緞檔毛巾3入,139
生鮮食品_冷藏食品_調理食品_蒟蒻/素食,喜壽燒素油雞(蛋素)-300g,95
生鮮食品_海鮮水產_家樂福海鮮．產銷履歷_家樂福海鮮,家樂福大草蝦,429
生活休閒_日用百貨_免洗餐具_烤肉器材(BBQ),【烤肉用品】自然風環保高效能精製炭-0.6kg,59
生活休閒_日用百貨_免洗餐具_烤肉器材(BBQ),【烤肉用品】防風點火槍,69
生鮮食品_冷藏食品_調理食品_蒟蒻/素食,財廣記素食可樂餅(奶素),129
生活休閒_寵物用品_貓_貓乾糧．罐頭,寶多福LOVE CAT熟齡貓1.5KG,189
大小家電_電視．冰箱．洗衣機_洗衣機．乾衣機_乾衣機,東元 QD5568NA 乾衣機,4990
日用百貨_家庭清潔_居家清潔_滅蟲用品,鱷魚水性快速殺蹣滅蟑劑-600ml,106
生鮮食品_人氣熟食_農特產品_調理藥膳,游建好肉骨茶-50g,89
飲料零食_精選餅乾_鹹餅乾_米果,H.F 15+2穀物棒牛軋風味-450g,239
米油沖泡_調味品．罐頭．湯品_調味粉．醬_火鍋醬．湯底,牛頭牌沙茶醬 250g,88
生鮮食品_烘焙食品_西點．蛋糕．麵包_點心,老太陽堂太陽餅禮盒20入,388
米油沖泡_咖啡．茶包_咖啡_咖啡隨身包,摩卡二合一白咖啡,167
生活休閒_寵物用品_狗_狗乾糧．罐頭,【狗食】葛莉思犬食-牛肉口味8kg,399
傢俱寢飾_寢具_枕頭．枕套．枕巾_枕頭,防蹣抗菌健康枕(45*75cm),229
生鮮食品_冷藏食品_乳製品_葷素奶油,寶宏安柏Light奶素脂肪抹醬,138
米油沖泡_奶粉．麥片．穀粉_早餐食品_什錦果麥,Mestemacher什錦穀片,249
生活休閒_寵物用品_狗_狗乾糧．罐頭,家樂福超值狗乾糧(羊肉風味)3.5,129
生活休閒_寵物用品_狗_狗乾糧．罐頭,YS牛奶潔牙軟嚼骨-M 200g,149
生活休閒_寵物用品_狗_狗乾糧．罐頭,YS營養雞肉條 360g,179
日用百貨_家庭清潔_洗衣用品_洗衣精,依必朗防蹣抗菌洗衣精綠茶香氛,139
服飾鞋包_流行鞋襪_拖鞋．涼鞋_室內拖鞋,7926舒適便利室內拖鞋 深藍 L,199
生鮮食品_人氣熟食_農特產品_紫菜．魚乾．烏魚子,登豐 柴魚片45g,79
日用百貨_家庭清潔_廚房清潔_廚房清潔劑,高樂氏CLOROX居家殺菌濕紙巾-檸檬香-35PC,137
生活休閒_寵物用品_狗_狗乾糧．罐頭,寶路X型潔牙骨原味小型犬專用210g,152
米油沖泡_調味品．罐頭．湯品_調味粉．醬_調味拌醬,阿珠嬤韓式辣味萬用醬,179
美妝護理_個人清潔_沐浴用品_沐浴乳,美琪抗菌沐浴乳680ml(紅石榴),158
生活休閒_寵物用品_貓_貓乾糧．罐頭,MyCat我的貓5號(雞肉+白身鮪魚)(11),27
米油沖泡_米．食用油_食用米_米,樂米穀場-台東關山契作履歷鮮米,190
米油沖泡_奶粉．麥片．穀粉_早餐食品_燕麥,桂格有機燕麥片730G,260
美妝護理_個人清潔_沐浴用品_沐浴乳,Farcent香水胺基酸沐浴露-同名花語,349
米油沖泡_咖啡．茶包_咖啡_即溶咖啡,雀巢金牌咖啡產地系列哥倫比亞-100g,233
飲料零食_茶飲．咖啡．水_茶飲_其他茶類,Hite 黑麥茶-520ml,58
日用百貨_家庭清潔_居家清潔_滅蟲用品,紐西蘭檸檬桉油防蚊液20ml,158
飲料零食_精選餅乾_鹹餅乾_爆米花,Kernels爆米花(焦糖奶油起司口味杯裝)45g,69
生活休閒_日用百貨_免洗餐具_烤肉器材(BBQ),【烤肉用品】黑金剛不鏽鋼網烤肉架,199
傢俱寢飾_寢具_枕頭．枕套．枕巾_枕頭,3M防蹣記憶枕舒柔型M,1290
日用百貨_衛浴用品_毛巾．浴巾．海灘巾_方巾,高級飯店款-素色方巾-白色,59
米油沖泡_咖啡．茶包_咖啡_咖啡隨身包,伯朗大濾掛咖啡-義式中深焙,238
生活休閒_寵物用品_狗_狗乾糧．罐頭,寶多福美食犬餐-雞肉口味-2Kg,139
生活休閒_寵物用品_狗_狗乾糧．罐頭,葛莉思犬食--皮膚保健配方2Kg,174
生活休閒_寵物用品_貓_貓乾糧．罐頭,Me-O乾貓糧成貓海鮮1.2Kg,179
生鮮食品_人氣熟食_農特產品_調理藥膳,登豐四物湯燉料100g,79
生活休閒_寵物用品_狗_狗乾糧．罐頭,【狗食】西莎澳牛與低敏鮭魚狗乾糧1kg,236
日用百貨_家庭清潔_補充配件_靜電紙,驅塵氏蹣不住防蹣抗敏除塵紙-25PC張,74
美妝護理_個人清潔_洗髮保養_洗髮精,可瑞絲頭皮控油抗屑勁涼洗髮精600ml 韓國進口,349
生活休閒_寵物用品_貓_貓乾糧．罐頭,博朗氏成老貓貓糧 1.5kg,199
生活休閒_寵物用品_狗_狗乾糧．罐頭,慧心犬糧-牛肉成犬配方3Kg,190
日用百貨_家庭清潔_洗衣用品_柔軟精,【Lenor蘭諾】衣物芳香豆(晨曦玫瑰)520ml,279
日用百貨_家庭清潔_洗衣用品_柔軟精,【Lenor蘭諾】衣物芳香豆(甜花石榴香)520ml,279
日用百貨_家庭清潔_居家清潔_噴頭式芳香劑,AP清新噴霧-月光香草,165
米油沖泡_咖啡．茶包_茶包_綠茶,台灣茶人辦公室正能量-偷閒綠茶-2gx25,139
米油沖泡_奶粉．麥片．穀粉_沖泡飲品_其他早餐飲品,紅布朗 黑芝麻杏仁粉,385
日用百貨_家庭清潔_清潔工具_打掃工具．地墊,hold(好)刷/伸縮TPR浴廁刷,229
冷凍食品_冰品_各式冰品_其它2,義美銅鑼燒冰淇淋香草-80gx4,116
米油沖泡_咖啡．茶包_茶包_其它,米森有機黑森林野莓茶4g*8包,164
日用百貨_家庭清潔_居家清潔_放置型芳香劑,Amaze森林擴香,268
生鮮食品_烘焙食品_西點．蛋糕．麵包_點心,英記餅家伍仁月餅禮盒,659
美妝護理_個人清潔_洗髮保養_護髮乳,韓國isLeaf香氛順盈護髮油-茉氣十足-100ml,249
生鮮食品_海鮮水產_家樂福海鮮．產銷履歷_家樂福海鮮,家樂福土魠切片,329
飲料零食_茶飲．咖啡．水_茶飲_花茶與水果茶,伊藤園TEASTEA蜜桃紅茶-535mlx24,696
生活休閒_寵物用品_貓_貓乾糧．罐頭,Sheba鮮饌包鮪魚及鮭魚-70gx3,117
飲料零食_精選餅乾_甜餅乾_其它口味,No Brand 豬耳朵造型餅乾-200g,99
冷凍食品_冰品_各式冰品_冰棒,雅方古早味清冰冰棒-70gx5,46
冷凍食品_冰品_各式冰品_冰棒,雙葉冰棒-紅豆粉粿-67gx5,52
飲料零食_果汁．飲料．養生_蔬果汁_其它,囍瑞100%純天然覆盆莓綜合果汁-200mlx3,116
生活休閒_寵物用品_狗_狗乾糧．罐頭,YS綜合雙色潔牙軟嚼棒-S-250g,138
生活休閒_寵物用品_狗_狗乾糧．罐頭,YS香烤軟雞肉卷 200g,179
服飾鞋包_流行鞋襪_襪子_女襪,BVD學生中統襪-黑、白二色隨機出貨,59
米油沖泡_奶粉．麥片．穀粉_沖泡飲品_有機食品,歐特有機即食三彩藜麥粉-210g,500
生活休閒_寵物用品_貓_貓乾糧．罐頭,家樂福超值水煮鮪魚貓食,720
生活休閒_寵物用品_狗_狗乾糧．罐頭,寶路X型潔牙骨原味小型犬專用75g,58
米油沖泡_調味品．罐頭．湯品_調味粉．醬_調味拌醬,阿珠嬤韓式拌冬粉醬汁,179
米油沖泡_調味品．罐頭．湯品_調味粉．醬_調味拌醬,美國Sweet Baby Rays甜辣烤肉醬,159
米油沖泡_調味品．罐頭．湯品_調味粉．醬_調味拌醬,膳府辣炒年糕醬-150g,79
生活休閒_日用百貨_免洗餐具_烤肉器材(BBQ),【烤肉用品】燒烤網清潔專用銅刷(Y型),69
美妝護理_個人清潔_洗髮保養_洗髮精,呂青麥草本精萃洗髮精500ml 韓國進口,329
日用百貨_家庭清潔_居家清潔_滅蟲用品,Farcent香水衣物香氛袋,59
生活休閒_寵物用品_貓_貓乾糧．罐頭,健康紀元貓食-泌尿道健康照護配方,349
生活休閒_寵物用品_狗_狗乾糧．罐頭,YS加強六星潔牙棒棒M桶裝,599
美妝護理_個人清潔_沐浴用品_沐浴乳,Farcent香水胺基酸沐浴露-真我星夜,349
冷凍食品_冰品_各式冰品_其它2,阿奇儂冰沙-草莓,30
美妝護理_個人清潔_洗髮保養_洗髮精,呂滋養韌髮洗髮精敏感性頭皮適用400ml 韓國進口,389
米油沖泡_咖啡．茶包_咖啡_咖啡粉/咖啡豆,義大利LVZ IL Matino 晨間淡味濾泡式咖啡粉-250g,259
米油沖泡_咖啡．茶包_咖啡_咖啡粉/咖啡豆,貝納頌 極品濾掛咖啡-哥倫比亞風味-8gx10,259
美妝護理_個人清潔_洗髮保養_功能性洗髮精,【海倫仙度絲】去屑海洋活力洗髮乳,239
美妝護理_個人清潔_沐浴用品_進口香皂．抗菌香皂．潔手乳,OP天然茶酚洗手慕絲深層抗菌,159
生活休閒_寵物用品_貓_貓乾糧．罐頭,【貓食】Me-O乾貓糧-幼貓海洋魚1.2kg,179
美妝護理_個人清潔_洗髮保養_潤髮乳,【多芬】深層修護潤髮乳,198
生活休閒_日用百貨_免洗餐具_烤肉器材(BBQ),哈囉高級烤肉架,329
生活休閒_日用百貨_免洗餐具_烤肉器材(BBQ),【烤肉用品】自然風烤肉配件組合包,142
冷凍食品_微波食品_微波餐點_義大利麵．丼飯．麵點,南僑北方中華勁麵-180gx3,75
生鮮食品_冷藏食品_調理食品_蒟蒻/素食,台康胡椒肉排(冷藏)(蛋奶素)300g,96
生鮮食品_冷藏食品_調理食品_蒟蒻/素食,蓮發素串燒雞丁(蛋素)-300g,92
生活休閒_寵物用品_貓_貓乾糧．罐頭,【貓食】偉嘉乾貓糧化毛配方1.1kg,189
大小家電_美容．健身家電_身體舒壓_身體舒壓．按摩用品,4D溫熱手感按摩墊,6980
生活休閒_寵物用品_狗_狗乾糧．罐頭,藍帶廚坊幼犬狗食-三鮮蛋白野菜水果1.36kg,139
生活休閒_寵物用品_狗_狗乾糧．罐頭,葛莉思高齡養生配方犬食牛肉口味3.5kg,249
母嬰保健_育嬰用品_嬰幼兒用品_防護用品,小不叮驅蚊貼片12枚-小黑蚊剋星 嬰幼兒用,170
傢俱寢飾_寢具_枕頭．枕套．枕巾_枕頭,天然防蹣防蚊健康枕-支撐型,449
日用百貨_家庭清潔_居家清潔_噴頭式芳香劑,熊寶貝經典山茶花衣物清新噴霧200ml,146
飲料零食_休閒零食_豆乾．肉乾．海苔_海苔．海苔脆片,天命海苔酥(蝦子鯷魚口味),89
米油沖泡_泡麵．麵條_米粉．麵條_粉絲,膳府冬粉,213
美妝護理_女性衛生_衛生棉_護墊,愛康超透氣衛生棉護墊-20PCx4,259
日用百貨_家庭清潔_居家清潔_放置型芳香劑,ST夢幻香水果凍芳香劑-月光泡泡-260g,219
日用百貨_家庭清潔_居家清潔_放置型芳香劑,康朵 紓壓甜睡香氛擴香膏-120g,129
,愛喜雅肉泥9號-腸道健康維持-15gx4,75
冷凍食品_冰品_各式冰品_冰棒,雅方古早味芒果青冰棒-70gx5,46
飲料零食_茶飲．咖啡．水_咖啡_咖啡,韋恩Flash Brew閃萃拿鐵咖啡-500mlx24,870
飲料零食_休閒零食_瓜子．花生．堅果_堅果,Toms 杏仁果(火辣雞味)210g,279
生鮮食品_生鮮櫃類 (未使用)_生鮮櫃類_加工食品專櫃,【七里香烤肉】經典美式肋排(約240克),155
美妝護理_個人清潔_沐浴用品_進口香皂．抗菌香皂．潔手乳,家樂福保濕抗菌皂-80gx6,108
米油沖泡_咖啡．茶包_咖啡_咖啡粉/咖啡豆,家樂福經典濾泡式咖啡粉 (低因),99
生鮮食品_冷藏食品_調理食品_沙拉．味噌．泡菜．醬料,美藝辣白菜-900g,188
日用百貨_家庭清潔_洗衣用品_洗衣精,【Nac Nac】防蹣抗菌嬰兒洗衣精(組合包),413
美妝護理_個人清潔_洗髮保養_功能性洗髮精,【海倫仙度絲】男士根源健髮去屑洗髮乳,239
米油沖泡_咖啡．茶包_咖啡_咖啡隨身包,摩卡三合一白咖啡,167
冷凍食品_微波食品_微波餐點_義大利麵．丼飯．麵點,讚岐絹絲細麵,155
生鮮食品_冷藏食品_調理食品_蒟蒻/素食,吉掗素羊肉(冷藏)(蛋奶素),85
生活休閒_日用百貨_免洗餐具_烤肉器材(BBQ),【烤肉用品】特大圓形燒烤網,129
服飾鞋包_流行鞋襪_拖鞋．涼鞋_室內拖鞋,舒適便利室內拖鞋 紫 M,199
日用百貨_家庭清潔_清潔工具_打掃工具．地墊,PMU熊寶貝 素色舒柔墊9入-淺藍 32*32*1cm,179
生活休閒_寵物用品_狗_狗乾糧．罐頭,YS貓專用細切-鮪魚條-50g,74
,燈科魚飼料 50g,79
,錦鯉魚飼料 1Kg,99
,慧心鳥飼料-八哥配方,108
日用百貨_家庭清潔_洗衣用品_洗衣精,BioLead 經典香氛洗衣精-花園精靈-2Kg,179
美妝護理_個人清潔_洗髮保養_潤髮乳,呂韓方頭皮養護潤髮乳營養潤澤,329
日用百貨_家庭清潔_居家清潔_放置型芳香劑,Farcent香水室內擴香-青檸羅勒-120ml,199
冷凍食品_火鍋料理_火鍋湯底_藥膳．羊肉爐,蕾媽媽紅燒羊肉爐,129
生鮮食品_冷藏食品_調理食品_沙拉．味噌．泡菜．醬料,台榮信州味噌,89
生活休閒_寵物用品_狗_狗乾糧．罐頭,戀戀狗糧中小型成犬_牛肉3.5公斤,200
美妝護理_女性衛生_衛生棉_夜用,愛康超透氣衛生棉夜用-7PCx4,259
米油沖泡_咖啡．茶包_茶包_其它,曼寧台灣花草茶-烏龍菊花茶1.5g X15,165
生活休閒_寵物用品_狗_狗乾糧．罐頭,派樂味 微笑犬用零食100％純雞肉條 - 500g,499
生活休閒_寵物用品_狗_狗乾糧．罐頭,YS加強六星潔牙棒棒L桶裝,599
美妝護理_個人清潔_洗髮保養_潤髮乳,日本近江水潤維他命C、E防曬噴霧-50g,299
冷凍食品_冰品_各式冰品_其它2,義美銅鑼燒冰淇淋巧克力-80gx4,116
米油沖泡_米．食用油_食用米_米,三好米 一等大師蓬萊米(圓一)2.5kg,278
冷凍食品_火鍋料理_各式火鍋料_火鍋餃/火鍋料,本家 素頂級佛跳牆-1200g,330
冷凍食品_火鍋料理_各式火鍋料_火鍋餃/火鍋料,本家 素藥膳蟲草雞-1200g,330
3C_手機．通訊．週邊_智慧型手錶_運動手環．手錶．VR裝置,Fitbit Inspire HR 智能健身手環-黑色,3490
飲料零食_糖果．巧克力．口香糖_糖果_果凍．羊羹,韓國KAKAO果凍(牛奶汽水味)130g,59
飲料零食_精選餅乾_甜餅乾_夾心餅乾,韓國樂天巧克力夾心餅乾球-216g,99
生鮮食品_人氣熟食_涼拌小菜．冷盤_冷盤/微波食品,古早味排骨3片裝-每片約100克(熟凍品),98
生鮮食品_烘焙食品_西點．蛋糕．麵包_點心,老太陽堂鳳梨酥禮盒12入(奶蛋素),298
大小家電_季節家電_空氣清淨機_空氣清淨機,Honeywell HPA-100APTW 空氣清淨機,3880
傢俱寢飾_寢具_枕頭．枕套．枕巾_枕頭,1881防蹣抗菌超柔枕,289
美妝護理_個人清潔_沐浴用品_沐浴乳,On The Body 快樂微風沐浴乳,199
生活休閒_寵物用品_貓_貓乾糧．罐頭,【貓食】偉嘉乾貓糧海鯛鮮蝦3kg,339
美妝護理_個人清潔_洗髮保養_功能性洗髮精,【海倫仙度絲】男士去屑洗髮乳活力酷爽,239
米油沖泡_咖啡．茶包_咖啡_咖啡隨身包,Rober Timms義式濾袋咖啡,398
米油沖泡_奶粉．麥片．穀粉_沖泡飲品_巧克力飲品,Swiss Miss繽紛棉花糖熱可可粉-268g,125
生活休閒_寵物用品_狗_狗乾糧．罐頭,葛莉思犬食-雞肉大餐 3.5Kg,179
傢俱寢飾_寢具_枕頭．枕套．枕巾_枕頭,三井武田太空記憶綿枕-顏色隨機出貨,579
生活休閒_日用百貨_免洗餐具_烤肉器材(BBQ),【烤肉用品】自然風特選紅木條炭2.4kg,139
生活休閒_寵物用品_狗_狗乾糧．罐頭,西莎鄉村羊肉與田園番茄口味-1kg,236
飲料零食_果汁．飲料．養生_蔬果汁_蕃茄汁,SAKI番茄汁180ML,743
生活休閒_寵物用品_貓_貓乾糧．罐頭,博朗氏挑嘴貓貓糧 1.5kg,199
生活休閒_寵物用品_狗_狗乾糧．罐頭,YS特濃奶酪消臭餅乾 100g,55
生活休閒_寵物用品_貓_貓砂,【寵物用品】艾霏高效能凝結型貓砂,239
美妝護理_個人清潔_洗髮保養_洗髮精,呂菖蒲草本精萃洗髮精500ml 韓國進口,329
美妝護理_個人清潔_洗髮保養_潤髮乳,呂 韓方頭皮養護潤髮乳清爽控油,329
生活休閒_運動．休閒．旅行用品_運動用品_健身用品,muva 環保瑜珈運動墊10mm(附贈收納袋)-藍色,826
日用百貨_家庭清潔_居家清潔_滅蟲用品,熊寶貝衣物香氛袋-雅緻藍風鈴-7gx3,99
米油沖泡_咖啡．茶包_咖啡_咖啡粉/咖啡豆,UCC 炭燒風味咖啡豆454g,409
日用百貨_家庭清潔_居家清潔_放置型芳香劑,Farcent香水室內擴香-牡丹與胭紅麂絨-120ml,199
生活休閒_寵物用品_狗_狗乾糧．罐頭,健康紀元犬食室內犬-強效除臭照護配方,299
冷凍食品_冰品_各式冰品_冰淇淋,Callipo 義大利冰淇淋-西洋梨可可碎片-310g,249
生鮮食品_烘焙食品_西點．蛋糕．麵包_點心,祟華齊綠豆椪禮盒(全素) 6入,350
生活休閒_日用百貨_免洗餐具_烤肉器材(BBQ),【烤肉用品】正304不鏽鋼食材防落烤網30x48,199
生活休閒_日用百貨_洗、曬、衣物整理配件_衣物整理用品,Keyway  大寶滑輪整理箱(46L)-藍色,369
米油沖泡_奶粉．麥片．穀粉_沖泡飲品_其他早餐飲品,紅布朗純杏仁粉300g,380
米油沖泡_咖啡．茶包_茶包_紅茶,米森-有機錫蘭高山紅茶3g*8包/盒,165
米油沖泡_咖啡．茶包_咖啡_咖啡隨身包,UCC 3合1珈琲-炭燒拿鐵-17gx12,159
米油沖泡_泡麵．麵條_速食麵_麵條拉麵,不倒翁-特級炸醬麵-135gx4,169
,愛喜雅肉泥7號-腎臟健康維持-15gx4,75
生活休閒_寵物用品_狗_狗乾糧．罐頭,犬用厚乳消臭餅乾180g,109
冷凍食品_冰品_各式冰品_冰棒,雅方古早味梅子冰棒-70gx5,42
美妝護理_個人清潔_洗髮保養_潤髮乳,魅尚萱完美深層修護潤髮乳-680ml,320
冷凍食品_微波食品_包子．饅頭．餡餅_饅頭,冰冰好料理手握圓形小饅頭,98
大小家電_季節家電_空氣清淨機_空氣清淨機濾網,HRF-APP1AP濾網,499
日用百貨_家庭清潔_居家清潔_除濕劑,妙管家防霉除濕桶-320gx2,118
生活休閒_寵物用品_狗_衛生配件,【寵物用品】無香蹦蹦跳寵物濕紙巾家庭包,199
美妝護理_個人清潔_沐浴用品_沐浴乳,綠的抗菌沐浴乳-天竺葵精油1000ml,128
生活休閒_寵物用品_兔子．寵物鼠_衛生配件,【寵物用品】寵物木屑,68
生活休閒_寵物用品_貓_貓乾糧．罐頭,LCB藍帶廚坊頂級貓食-海鮮大餐1.36kg,179
生活休閒_寵物用品_貓_貓乾糧．罐頭,偉嘉貓乾糧鮪魚總匯1.2,190
米油沖泡_咖啡．茶包_咖啡_咖啡隨身包,卡薩衣索比亞耶加雪菲濾掛式咖啡-8g*6,137
美妝護理_個人清潔_洗髮保養_潤髮乳,【飛柔】豐盈飄逸微米潤髮乳530ml,179
服飾鞋包_流行鞋襪_襪子_嬰兒襪．幼童襪,史奴比童襪-L(3入),119
生鮮食品_烘焙食品_西點．蛋糕．麵包_點心,現烤綜合蛋黃酥禮盒8入,308
大小家電_廚房家電_多功能鍋_電磁爐,大同TIH-F1300J觸控式IH電磁爐,1890
,增艷營養新配方金魚飼料 300g,75
,錦鯉魚飼料 3Kg,285
日用百貨_家庭清潔_清潔工具_垃圾桶,日式分類附蓋垃圾桶CL42L-顏色隨機出貨,579
美妝護理_個人清潔_沐浴用品_沐浴乳,【韓國必買】微風如沐沐浴乳-清新棉,420
美妝護理_個人清潔_洗髮保養_洗髮精,飛柔淨屑調理微米洗髮露530530ml,179
日用百貨_家庭清潔_洗衣用品_洗衣精,BioLead經典香氛洗衣精補充包_花園精靈1.8kg,149
日用百貨_家庭清潔_居家清潔_放置型芳香劑,ST夢幻香水果凍芳香劑-香氛蠟燭-260g,219
冷凍食品_冰品_各式冰品_冰棒,雙葉冰棒-椰奶香芋-70gx5,52
飲料零食_精選餅乾_鹹餅乾_爆米花,Kernels綜合爆米花(杯裝)55g,69
飲料零食_果汁．飲料．養生_濃縮飲料．水果醋_濃縮醋,百家珍蜂蜜醋600ml,197
生鮮食品_人氣熟食_農特產品_調理藥膳,登豐人蔘雞燉料100g,79
生活休閒_日用百貨_餐具/鍋具/廚房配件_燉蒸悶煮鍋,森活小資泡麵鍋1公升,279
日用百貨_家庭清潔_洗衣用品_濃縮洗衣粉,加倍潔尤加利防蹣潔白洗衣粉-1.5kg,99
米油沖泡_咖啡．茶包_咖啡_咖啡粉/咖啡豆,伯朗義大利式咖啡豆,368
米油沖泡_奶粉．麥片．穀粉_早餐食品_什錦果麥,Mestemacher向日葵籽穀片,249
生活休閒_寵物用品_狗_狗乾糧．罐頭,寶多福美食犬餐-牛肉口味-2kg,139
生活休閒_寵物用品_貓_貓乾糧．罐頭,Me-O乾貓糧-成貓海陸大餐1.1Kg,179
服飾鞋包_流行鞋襪_襪子_女襪,瑪榭舒適萊卡透氣襪-女(淺灰)-淺灰色,59
米油沖泡_咖啡．茶包_咖啡_咖啡粉/咖啡豆,Robert Timms義式咖啡豆,398
生活休閒_寵物用品_貓_貓乾糧．罐頭,博朗氏幼母貓貓糧 1.5kg,199
生活休閒_寵物用品_狗_洗毛精,【寵物用品】除臭驅蟲蚤專用香浴精,158
生鮮食品_烘焙食品_西點．蛋糕．麵包_點心,現烤綠豆椪禮盒8入,268
生活休閒_日用百貨_免洗餐具_烤肉器材(BBQ),【烤肉用品】輕鬆折烤肉架(附棉紗手套),139
傢俱寢飾_寢具_枕頭．枕套．枕巾_枕頭,3M新一代防蹣水洗枕加高型,1299
生鮮食品_烘焙食品_西點．蛋糕．麵包_點心,鼎泰豐桂圓酥禮盒10入,450
日用百貨_(勿上架)餐廚用具_水壺/茶壺,BH極簡耐熱玻璃壺組1壺4杯,599
生活休閒_車用百貨_汽車用品_雨刷,【汽車百貨】Michelin 米其林 厲風14+24雙入裝雨刷,299
大小家電_電視．冰箱．洗衣機_電視_UHD液晶電視,HERAN禾聯 43吋 UHD顯示器 HD-43UDF31,15700
美妝護理_個人清潔_洗髮保養_護髮乳,韓國isLeaf香氛順盈護髮油-拈花惹草-100ml,249
米油沖泡_米．食用油_食用米_米,【限量】日本秋田小町米800g,199
飲料零食_茶飲．咖啡．水_機能飲料_維他命飲料,樂天HOT6能量飲料 250mlx6入/組,249
日用百貨_家庭清潔_居家清潔_放置型芳香劑,Laundrin朗德林車用芳香-櫻花香氛,180
生活休閒_寵物用品_狗_狗乾糧．罐頭,犬用野菜消臭軟餅乾120g,99
生鮮食品_人氣熟食_中式熟食_炸雞肉,酥炸豆乳雞翅(1支),28
冷凍食品_冰品_各式冰品_其它2,家樂福冰沙-草莓-330g,30
冷凍食品_冰品_各式冰品_冰棒,雅方古早味檸檬愛玉冰棒-75gx5,46
日用百貨_家庭清潔_居家清潔_滅蟲用品,Nac Nac天然草本驅蚊噴液-90ml,280
生鮮食品_烘焙食品_西點．蛋糕．麵包_點心,紅豆食府經典蘇式月餅禮盒6入,585
生鮮食品_生鮮櫃類 (未使用)_生鮮櫃類_加工食品專櫃,【七里香烤肉】照燒棒棒腿(每盒2隻約280克),139
飲料零食_精選餅乾_鹹餅乾_爆米花,Kernels爆米花(玉米濃湯口味)40g,59
飲料零食_精選餅乾_鹹餅乾_爆米花,Kernels爆米花(奶油大蒜口味)40g,59
米油沖泡_調味品．罐頭．湯品_調味粉．醬_辣醬,火辣雞肉奶油白醬風味辣醬-200g,229
飲料零食_休閒零食_瓜子．花生．堅果_混合,韓國米香堅果派(起司)110g,120
美妝護理_個人清潔_沐浴用品_沐浴乳,On The Body 粉紅甜心香水沐浴精,199
生活休閒_寵物用品_狗_洗毛精,【寵物用品】小淘氣寵物沐浴精 1000cc-除臭配方,149
生活休閒_寵物用品_狗_狗乾糧．罐頭,博朗氏幼母犬狗糧 1.8公斤,199
生活休閒_寵物用品_狗_狗乾糧．罐頭,丹 雞肉犬罐-400g,49
生活休閒_寵物用品_狗_頸圈,【寵物用品】天然草本驅蚤項圈-犬/貓專用,159
生活休閒_寵物用品_魚缸．配件_清潔配件,【水族用品】過濾棉-4入,99
生活休閒_日用百貨_餐具/鍋具/廚房配件_咖啡/花茶配件,不銹鋼濾掛手沖壺 STH-003 350ml,399
生活休閒_車用百貨_汽車用品_雨刷,【汽車百貨】Michelin 米其林 厲風18+20雙入雨刷,299
生活休閒_車用百貨_汽車用品_雨刷,【汽車百貨】Michelin 米其林 厲風14+26雙入雨刷,299
大小家電_季節家電_空氣清淨機_空氣清淨機濾網,3M空氣清淨機濾網 CHIMSPD-02UCF,990
母嬰保健_育嬰用品_嬰幼兒用品_衛生用品,優生防蹣抗菌寶寶洗衣精 2000ml-清新西柚配方,360
生鮮食品_烘焙食品_西點．蛋糕．麵包_點心,現烤迷你小綠豆凸禮盒12入,278
生鮮食品_烘焙食品_西點．蛋糕．麵包_點心,廣式小月餅禮盒12入,368
日用百貨_家庭清潔_洗衣用品_洗衣精,BioLead經典香氛洗衣精補充包_璀璨時光1.8kg-璀璨補充,149
傢俱寢飾_寢具_枕頭．枕套．枕巾_枕頭,3M新防蹣水洗枕兒童型(附枕套),1199
美妝護理_個人清潔_洗髮保養_護髮乳,魅萱完美造型護髮精油,289
生活休閒_寵物用品_狗_狗乾糧．罐頭,寶路X型潔牙骨牛肉中型犬專用98g,82
生活休閒_寵物用品_狗_狗乾糧．罐頭,寶路X型潔牙骨綠茶中型犬專用98g,82
大小家電_季節家電_除濕機_B式除濕機,聲寶 AD-WB712T 6L除濕機,5500
,慧心寶貝兔子飼料-覆盆子口味3KG,399
美妝護理_個人清潔_沐浴用品_沐浴乳,On The Body SPA沐浴露-經典香,598
美妝護理_個人清潔_沐浴用品_沐浴乳,On The Body SPA沐浴露-黑玫瑰,598
日用百貨_家庭清潔_居家清潔_滅蟲用品,Farcent香水衣物香氛袋,59
日用百貨_家庭清潔_居家清潔_滅蟲用品,Farcent香水衣物香氛袋,59
生活休閒_寵物用品_貓_貓乾糧．罐頭,健康紀元貓食-膳纖化毛照護配方-1.5Kg,349
米油沖泡_米．食用油_食用米_胚芽米,樂米穀場花東自然農耕特哉鮮糙米(圓二)1.5k,189
日用百貨_家庭清潔_居家清潔_放置型芳香劑,日本JB芳香膏,219
米油沖泡_調味品．罐頭．湯品_調味粉．醬_調味拌醬,膳府韓國傳統調理醬,109
日用百貨_家庭清潔_居家清潔_放置型芳香劑,Farcent香水室內擴香-自由雛菊-120ml,199
生活休閒_日用百貨_免洗餐具_烤肉器材(BBQ),【烤肉用品】40CM不鏽鋼梅花夾,89
生活休閒_日用百貨_免洗餐具_烤肉器材(BBQ),家簡塵除防滑動安全烤肉網-中,69
母嬰保健_嬰幼兒食品_嬰兒點心_嬰兒點心．牙餅,【寶寶副食品】韓國 IVENET艾唯倪優格豆豆餅-草莓風味20g,169
生活休閒_日用百貨_餐具/鍋具/廚房配件_深平煎鍋,特福礦物元素IH24cm不沾深平鍋,1280
生活休閒_日用百貨_餐具/鍋具/廚房配件_咖啡/花茶配件,錐形無漂白咖啡濾紙 LZB-V01-40 40入,79
米油沖泡_咖啡．茶包_茶包_綠茶,康健生機-有機綠茶-三角立體茶包-2.5gx30,250
米油沖泡_咖啡．茶包_茶包_紅茶,康健生機-有機紅茶-三角立體茶包-2.5gx30,250
3C_手機．通訊．週邊_智慧型手錶_運動手環．手錶．VR裝置,nisda kooper M30智能心率血壓手環-黑色,890
米油沖泡_咖啡．茶包_咖啡_咖啡粉/咖啡豆,貝納頌 極品濾掛咖啡-曼特寧風味-8gx10,259
日用百貨_家庭清潔_居家清潔_放置型芳香劑,ST夢幻香水果凍芳香劑-閃耀香水-260g,219
生鮮食品_生鮮櫃類 (未使用)_生鮮櫃類_加工食品專櫃,【七里香烤肉】照燒雞腿肉串 (約210克),139
米油沖泡_調味品．罐頭．湯品_調味粉．醬_辣醬,2倍辣火辣雞肉風味醬-200g,229
生鮮食品_肉品．高湯_加工肉品_烤肉食材,揪愛夯海陸澎湃烤肉組(8~10人份),1999
飲料零食_休閒零食_豆乾．肉乾．海苔_海苔．海苔脆片,韓味不二韓國海苔酥(泡菜)50g,129
飲料零食_精選餅乾_鹹餅乾_爆米花,Kernels焦糖爆米花(杯裝)65g,69
生活休閒_寵物用品_狗_狗乾糧．罐頭,【狗罐】寶路雞肉罐400g,1105
生活休閒_寵物用品_狗_洗毛精,【寵物用品】F#4祥寶-全犬用沐浴精,199
生活休閒_日用百貨_餐具/鍋具/廚房配件_燉蒸悶煮鍋,微晶透明鍋寶-玻璃蓋4.2公升,1379
傢俱寢飾_寢具_枕頭．枕套．枕巾_枕頭,3M防蹣記憶枕平板支撐型M,1790
傢俱寢飾_寢具_枕頭．枕套．枕巾_枕頭,亞迪思防蹣抗菌四孔枕,399
生活休閒_日用百貨_免洗餐具_烤肉器材(BBQ),【烤肉用品】自然風環保球形炭-1kg,55
生活休閒_寵物用品_狗_狗乾糧．罐頭,葛莉思犬食-牛肉大餐3.5Kg,179
生活休閒_寵物用品_貓_貓乾糧．罐頭,偉嘉乾貓糧-烤鮭魚/三文魚1.2K,190
大小家電_廚房家電_多功能鍋_電磁爐,【大家源】微晶按鍵式電陶爐 TCY-3911,1290
生活休閒_寵物用品_狗_衛生配件,【寵物用品】無香蹦蹦跳寵物濕紙巾隨身包,49
大小家電_廚房家電_多功能鍋_多功能鍋,大家源TCY-3730多功能鍋,890
生活休閒_寵物用品_狗_狗乾糧．罐頭,慧心犬糧-羊肉+米口味成犬配方 3kg,190
飲料零食_休閒零食_瓜子．花生．堅果_混合,清淨生活天然綜合堅果純素,398
美妝護理_個人清潔_洗髮保養_護髮乳,魅尚萱完美修護護髮精油輕盈版,289
日用百貨_家庭清潔_洗衣用品_柔軟精,Drs Formula 防蹣柔軟精,109
生活休閒_日用百貨_免洗餐具_烤肉器材(BBQ),【烤肉用品】陽光海岸超大型烤肉架,1499
生活休閒_寵物用品_貓_貓砂,【寵物用品】艾霏經典型礦砂,219
生活休閒_寵物用品_貓_貓砂,【寵物用品】艾霏極致水晶貓砂-花香型,259
服飾鞋包_流行鞋襪_襪子_中性襪,EF男休閒襪3入-顏色隨機出貨,119
生活休閒_日用百貨_餐具/鍋具/廚房配件_製冰盒/配件,#304不銹鋼環保冰塊組,399
服飾鞋包_男女內著_男內衣．褲_平口褲,Hang Ten純棉格紋平口褲-尺寸:M,185
日用百貨_家庭清潔_廚房清潔_廚房清潔劑,高樂氏CLOROX居家殺菌濕紙巾-柑橘香-75PC,322
日用百貨_家庭清潔_洗衣用品_洗衣精,一滴淨有機天然酵素防蹣洗衣露,318
日用百貨_家庭清潔_洗衣用品_洗衣精,一滴淨防蹣洗衣露補充包,252
生活休閒_寵物用品_狗_狗乾糧．罐頭,汪星人雞小胸肉絲 70g,139
生活休閒_寵物用品_狗_狗乾糧．罐頭,汪星人軟雞肉絲 70g,139
日用百貨_家庭清潔_居家清潔_放置型芳香劑,Laundrin擴香,350
,慧心寶貝兔子飼料-蘋果口味3KG,399
,福壽觀賞鳥飼料1000g,92
生活休閒_運動．休閒．旅行用品_運動用品_健身用品,成功健身重訓手套-S,449
,活力一倍老鼠飼料,169
日用百貨_家庭清潔_居家清潔_除濕劑,奇蒂可-珪藻土除濕除臭防潮塊 橢圓60g,89
生活休閒_寵物用品_貓_貓乾糧．罐頭,咪歐乾貓糧-鮪魚口味1.2公斤,179
美妝護理_個人清潔_洗髮保養_洗髮精,可瑞絲極重損植萃系抗損洗髮精600ml 韓國進口,380
生活休閒_寵物用品_狗_狗乾糧．罐頭,健康紀元犬食-低過敏照護配方,299
生活休閒_寵物用品_狗_狗乾糧．罐頭,YS加強亮白五星棒S桶裝,599
米油沖泡_調味品．罐頭．湯品_調味粉．醬_調味拌醬,丸金壽喜燒醬-500ml,139
生鮮食品_烘焙食品_西點．蛋糕．麵包_點心,華齊小月餅禮盒(奶蛋素) 12入,420
生活休閒_日用百貨_免洗餐具_烤肉器材(BBQ),家簡塵除防滑動安全烤肉網-大,79
生活休閒_日用百貨_餐具/鍋具/廚房配件_各式餐具,KIYODO招財貓#316不銹鋼雙筷組,179
母嬰保健_嬰幼兒食品_嬰兒點心_嬰兒點心．牙餅,【寶寶副食品】韓國 IVENET艾唯倪優格豆豆餅-原味20g,169
3C_手機．通訊．週邊_智慧型手錶_運動手環．手錶．VR裝置,Fitbit Inspire HR 智能健身手環-紫粉色,3490
冷凍食品_火鍋料理_各式火鍋料_火鍋餃/火鍋料,本家 素紹興當歸鴨-1200g,330
3C_手機．通訊．週邊_智慧型手錶_運動手環．手錶．VR裝置,nisda kooper M30智能心率血壓手環-紅色,890
生活休閒_運動．休閒．旅行用品_露營．踏青_旅遊配件,鋁合金四節避震登山杖-顏色隨機出貨,499
美妝護理_個人清潔_洗髮保養_洗髮精,可瑞絲香氛洗髮精-華麗琥珀-600ml,259
生鮮食品_海鮮水產_鮮魚_切片魚,冷藏大比目魚片(貼體包裝)(每包約200克),145
生活休閒_寵物用品_貓_貓乾糧．罐頭,愛喜雅金缶濃厚4號-鮪.牛70g,55
生活休閒_寵物用品_貓_貓乾糧．罐頭,Sheba鮮饌包鮪魚及蟹肉-70gx3,117
美妝護理_美妝保養_乳液．防曬．保養_防曬乳液,日本近江小熊臻效防曬乳液,169
冷凍食品_冰品_各式冰品_冰棒,雅方古早味芒果冰棒-70gx5,46
生活休閒_寵物用品_狗_洗毛精,【寵物用品】F#4祥寶-皮膚病沐浴精,199
傢俱寢飾_寢具_枕頭．枕套．枕巾_枕頭,1881特級混羊毛枕,289
傢俱寢飾_家飾_坐墊．椅墊．抱枕_各式坐墊,三井武田冰涼記憶座墊-顏色隨機出貨,499
傢俱寢飾_寢具_枕頭．枕套．枕巾_枕頭,3M Filtrete 健康防蹣枕心-竹炭型,1094
傢俱寢飾_寢具_枕頭．枕套．枕巾_枕頭,防蹣抗菌專利呼吸枕,399
傢俱寢飾_寢具_枕頭．枕套．枕巾_枕頭,山寧泰防蹣抗菌乳膠枕,1199
傢俱寢飾_寢具_枕頭．枕套．枕巾_枕頭,3M防蹣記憶枕舒柔型L,1490
傢俱寢飾_寢具_枕頭．枕套．枕巾_枕頭,山寧泰防蹣抗菌記憶枕,699
日用百貨_家庭清潔_清潔工具_打掃工具．地墊,EVA素色舒柔墊9入-紫色 32*32*1cm,179
日用百貨_家庭清潔_洗衣用品_洗衣精,nac nac防蹣抗菌嬰兒洗衣精3入,391
美妝護理_營養保健食品_保健食品．維他命．營養補充食品_骨關節保健,【保健食品】三多保固力純素錠,489
日用百貨_家庭清潔_清潔工具_打掃工具．地墊,拖霸 360度純手壓旋轉拖把組,799
生活休閒_運動．休閒．旅行用品_運動用品_健身用品,樂活運動8MM超厚環保瑜珈墊,658
服飾鞋包_流行鞋襪_襪子_隱形襪,BVD W跟超低襪口男隱形襪,59
服飾鞋包_流行鞋襪_襪子_隱形襪,BVD W跟超低襪口男隱形襪(鐵灰),59
服飾鞋包_流行鞋襪_襪子_隱形襪,BVD W跟超低襪口男隱形襪(黑),59
服飾鞋包_流行鞋襪_襪子_男襪,BVD細條紋男襪,69
服飾鞋包_流行鞋襪_襪子_男襪,BVD細條紋男襪(黑),69
服飾鞋包_流行鞋襪_襪子_女襪,BVD1/2細針少女襪 彩麻花,59
米油沖泡_調味品．罐頭．湯品_調味粉．醬_其他香料,Kumsung 韓式辣椒粉(醃泡菜用),219
生活休閒_寵物用品_狗_衛生配件,【寵物用品】蹦蹦跳寵物專用濕紙巾家庭包,199
美妝護理_衛生紙_面紙_盒裝面紙,舒潔迪士尼盒裝面紙-140PCx5盒x10串,1330
生活休閒_日用百貨_餐具/鍋具/廚房配件_燉蒸悶煮鍋,小熊莊園韓式陶鍋-3公升,1339
服飾鞋包_流行鞋襪_拖鞋．涼鞋_室內拖鞋,舒適便利室內童拖鞋-桃色-20cm,199
服飾鞋包_流行鞋襪_拖鞋．涼鞋_室內拖鞋,舒適便利室內童拖鞋-桃色-22cm,199
服飾鞋包_流行鞋襪_拖鞋．涼鞋_室內拖鞋,舒適便利室內童拖鞋-藍色-18cm,199
生活休閒_日用百貨_傢俱/層架_床/床墊,灰條竹炭記憶床墊(8cm)-單人,2699
服飾鞋包_流行鞋襪_襪子_女襪,瑪榭舒適萊卡透氣襪-女-黑色,59
服飾鞋包_流行鞋襪_襪子_隱形襪,瑪榭舒適萊卡透氣襪-男-寶藍色,59
服飾鞋包_流行鞋襪_襪子_隱形襪,瑪榭舒適萊卡透氣襪-男-白色,59
生活休閒_寵物用品_貓_貓乾糧．罐頭,葛莉思貓食- 鮪魚蟹肉3.5kg,339
生活休閒_寵物用品_貓_貓乾糧．罐頭,博朗氏全齡貓貓糧 1.5公斤,199
生活休閒_寵物用品_狗_狗乾糧．罐頭,YS綜合雙色潔牙軟嚼棒-M 250g,138
生活休閒_寵物用品_狗_狗乾糧．罐頭,【寵物用品】YS葉綠六星潔牙棒棒袋裝-M 200g,149
生活休閒_寵物用品_狗_狗乾糧．罐頭,YS香烤小塊香雞肉 200g,179
生活休閒_寵物用品_狗_餵食器,【寵物用品】四角碗-中-顏色隨機出貨,69
生活休閒_寵物用品_狗_頸圈,【寵物用品】六分舒適頸帶-精緻,105
生活休閒_寵物用品_魚缸．配件_清潔配件,【水族用品】生化棉-大,69
服飾鞋包_流行鞋襪_襪子_嬰兒襪．幼童襪,旅行家極度舒適抗菌短襪-18-21/黑藍,89
服飾鞋包_流行鞋襪_襪子_女襪,BVD1/4中性休閒襪-黑灰白三色隨機出貨,39
服飾鞋包_流行鞋襪_襪子_女襪,DG超細纖維襪套-顏色隨機出貨-22~25cm,59
服飾鞋包_流行鞋襪_襪子_隱形襪,BVD W跟超低襪口男隱形襪-中灰色,59
生活休閒_寵物用品_貓_貓乾糧．罐頭,丹 沙丁鮪魚貓罐-185g,600
生活休閒_寵物用品_貓_貓乾糧．罐頭,丹 鮪魚雞肉貓罐-185g,600
服飾鞋包_流行鞋襪_拖鞋．涼鞋_室內拖鞋,7926舒適便利室內拖鞋 綠 L,199
傢俱寢飾_寢具_枕頭．枕套．枕巾_枕頭,3M新防蹣水洗枕幼兒型(附枕套),749
服飾鞋包_流行鞋襪_襪子_隱形襪,EF Y字跟超短運動襪4入,110
生鮮食品_烘焙食品_西點．蛋糕．麵包_點心,現烤軟心酥禮盒12入,428
日用百貨_家庭清潔_居家清潔_噴頭式芳香劑,Drs Formula 抗菌防護噴霧隨身,99
米油沖泡_調味品．罐頭．湯品_調味粉．醬_烤肉醬．牛排醬,膳府韓國烤肉醬-300g,149
服飾鞋包_流行鞋襪_襪子_中性襪,瑪榭腳踝加強直條紋輕護足弓襪-LF-顏色隨機,59
生活休閒_日用百貨_傢俱/層架_床/床墊,VC防蹣防水透氣床墊雙人,2480
大小家電_生活小家電_手提式吸塵器,英國Gtech 小綠 Multi Plus無線除蹣吸塵器,7990
米油沖泡_調味品．罐頭．湯品_調味粉．醬_火鍋醬．湯底,味王麻辣湯底750g,147
生活休閒_運動．休閒．旅行用品_運動用品_健身用品,萬達康全能輕巧健身機-愛戀粉,2280
大小家電_美容．健身家電_身體舒壓_身體舒壓．按摩用品,穴道按摩球7cm,80
生活休閒_運動．休閒．旅行用品_運動用品_健身用品,可調強度計次握力器(第三代),319
生活休閒_寵物用品_狗_頸圈,【寵物用品】德國飛萊希伸縮牽繩,490
日用百貨_家庭清潔_居家清潔_除濕劑,奇蒂可-珪藻土除濕除臭防潮塊 方形60g,89
,保羅叔叔優質小葵花子,150
日用百貨_(勿上架)餐廚用具_水壺/茶壺,手提式保冰保溫雙效咖啡杯500毫升,499
生活休閒_運動．休閒．旅行用品_運動用品_保護用品,成功遠紅外線可調式護踝(S),247
生活休閒_運動．休閒．旅行用品_運動用品_保護用品,成功遠紅外線可調式髕骨帶,220
生活休閒_運動．休閒．旅行用品_運動用品_保護用品,成功遠紅外線可調式護腰(M),999
,彩色薄片 60g,89
大小家電_季節家電_除濕機_B式除濕機,日立 RD-200H 10L除濕機-閃亮銀,10990
美妝護理_個人清潔_沐浴用品_沐浴乳,微風如沐沐浴乳-蔓越莓,420
生活休閒_寵物用品_貓_玩具,【寵物用品】愛思沛坐立式逗貓棒,169
生鮮食品_烘焙食品_西點．蛋糕．麵包_點心,紅豆食府娃娃酥糖果禮盒,499
生活休閒_日用百貨_免洗餐具_烤肉器材(BBQ),【烤肉用品】自然風316不鏽鋼方格烤網-中,185
生活休閒_日用百貨_免洗餐具_烤肉器材(BBQ),【烤肉用品】自然風316不鏽鋼方格烤網-大,209
生活休閒_日用百貨_免洗餐具_烤肉器材(BBQ),【烤肉用品】不鏽鋼萬用夾15寸,75
生活休閒_運動．休閒．旅行用品_運動用品_保護用品,皮拉提斯帶,249
生活休閒_日用百貨_免洗餐具_烤肉器材(BBQ),【烤肉用品】妙管家通用烤肉網,139
大小家電_季節家電_空氣清淨機_空氣清淨機濾網,尚朋堂清淨機HEPA濾網SA-H300,500
生活休閒_日用百貨_餐具/鍋具/廚房配件_磨豆機,【咖啡用品】良燒V02錐形濾紙-無漂白,79
生活休閒_日用百貨_餐具/鍋具/廚房配件_茶具配件,粗陶便攜式茶具組,179
飲料零食_糖果．巧克力．口香糖_巧克力_加味巧克力,阿尼驚喜蛋_功夫熊貓系列-60g,148
飲料零食_茶飲．咖啡．水_咖啡_咖啡,Asahi Wonda 特製咖啡歐蕾-179mlx30,870
,SERENE HOUSE 美國精油 15ml-單方甜橙,500
生鮮食品_烘焙食品_西點．蛋糕．麵包_點心,檸檬蛋糕禮盒8入,258
日用百貨_家庭清潔_洗衣用品_柔軟精,熊寶貝香水精華柔軟護衣精-典雅玫瑰-700ml,139
美妝護理_美妝保養_染髮劑．用品_染髮劑,魅尚萱 HELLO BUBBLE 泡沫染髮劑-6A煙灰,420
米油沖泡_奶粉．麥片．穀粉_沖泡飲品_有機食品,歐特有機山藥穀飲-零添加糖 400g,498
母嬰保健_嬰幼兒食品_嬰兒點心_嬰兒點心．牙餅,【寶寶副食品】韓國 IVENET艾唯倪優格豆豆餅-藍莓風味20g,169
大小家電_廚房家電_多功能鍋_多功能鍋,GIARETTI 健康免油氣炸鍋 GT-A3_蒂芬妮綠,2680
日用百貨_(勿上架)餐廚用具_水壺/茶壺,經典耐熱咖啡壺/花茶壺 KFH-002 600ml,198
日用百貨_(勿上架)餐廚用具_水壺/茶壺,經典耐熱咖啡壺/花茶壺 KFH-003 360ml,168
3C_手機．通訊．週邊_智慧型手錶_運動手環．手錶．VR裝置,Fitbit Inspire HR 智能健身手環-黑白色,3490
米油沖泡_咖啡．茶包_茶包_其它,米森-有機黑糖人蔘老薑茶20g*8/盒,185
米油沖泡_咖啡．茶包_茶包_其它,米森-有機漢方人蔘茶5g*8/盒,225
生活休閒_日用百貨_餐具/鍋具/廚房配件_中式炒鍋,KIYODO不鋼雪平鍋20cm(極厚),499
米油沖泡_米．食用油_食用米_胚芽米,【限量】日本京都牛奶皇后軟玄米 500g,149
美妝護理_個人清潔_洗髮保養_洗髮精,可瑞絲香氛洗髮精-魅力雛菊-600ml,259
美妝護理_個人清潔_洗髮保養_洗髮精,可瑞絲香氛洗髮精-知性麝香-600ml,259
生活休閒_日用百貨_傢俱/層架_多層架/櫃子,日系E1優雅單門櫃,519
生活休閒_日用百貨_傢俱/層架_多層架/櫃子,日系E1優雅活動櫃-附工業輪,1249
生鮮食品_烘焙食品_西點．蛋糕．麵包_點心,王鵬傑曲奇餅乾(巧克力),220
生鮮食品_烘焙食品_西點．蛋糕．麵包_點心,王鵬傑曲奇餅乾(原味),220
生活休閒_日用百貨_傢俱/層架_各式椅子,方型木紋椅凳-寶藍色,799
大小家電_季節家電_電扇_桌扇,E-books K29 折疊手持兩用充電風扇-粉色,259
美妝護理_個人清潔_洗髮保養_洗髮精,韓國isLeaf咖啡因乾洗髮-湛藍海洋-150ml,399
美妝護理_個人清潔_洗髮保養_洗髮精,可瑞絲專業修護安瓶洗髮精-600ml,299
美妝護理_個人清潔_沐浴用品_沐浴乳,微風如沐果香沐浴乳-甜蜜桃-1200g,420
日用百貨_家庭清潔_洗衣用品_洗衣皂．皂絲,家樂福強效衣領袖口皂170gx3,66
大小家電_季節家電_空氣清淨機_空氣清淨機,Coway AP-1009CH空氣清淨機,8192
大小家電_美容．健身家電_身體舒壓_身體舒壓．按摩用品,muva 輕氛震捶按摩棒,1041
生活休閒_運動．休閒．旅行用品_運動用品_健身用品,Comefree 瑜珈伸展帶(3入/附收納袋),328
生活休閒_寵物用品_狗_頸圈,【寵物用品】高級三分舒適胸背加拉帶,185
大小家電_季節家電_空氣清淨機_空氣清淨機,尚朋堂 SA-2233F 空氣清淨機,2490
大小家電_季節家電_空氣清淨機_空氣清淨機,尚朋堂 SA-2203-H2 空氣清淨機,3290
生活休閒_日用百貨_餐具/鍋具/廚房配件_燉蒸悶煮鍋,森活魯味鍋4公升(黑色),409
生活休閒_日用百貨_餐具/鍋具/廚房配件_燉蒸悶煮鍋,森活9號養生鍋,649
美妝護理_個人清潔_沐浴用品_沐浴乳,On The Body 夢幻紫蘿蘭香水沐浴精,199
生活休閒_日用百貨_餐具/鍋具/廚房配件_製冰盒/配件,冰島雪花機P5-2090,325
大小家電_美容．健身家電_身體舒壓_身體舒壓．按摩用品,Comefree 啄木鳥震捶按摩棒,856
大小家電_美容．健身家電_身體舒壓_身體舒壓．按摩用品,Comefree 小海葵纖體按摩棒-顏色隨機出貨,1318
生活休閒_寵物用品_狗_狗乾糧．罐頭,葛莉思犬食--成長保健配方2Kg,174
生活休閒_日用百貨_免洗餐具_烤肉器材(BBQ),【烤肉用品】不鏽鋼燒烤盤,199
大小家電_季節家電_空氣清淨機_空氣清淨機濾網,Honeywell HRF-E2-AP濾網(兩入),680
服飾鞋包_流行鞋襪_襪子_女襪,瑪榭舒適萊卡透氣襪-女(紅)-紅色,59
服飾鞋包_流行鞋襪_襪子_女襪,DG女圓點隱形襪-顏色隨機出貨,39
服飾鞋包_流行鞋襪_襪子_女襪,BVD條紋毛巾底女踝襪(白),45
服飾鞋包_流行鞋襪_襪子_女襪,BVD條紋毛巾底女踝襪(麻卡其),45
服飾鞋包_流行鞋襪_襪子_女襪,BVD條紋毛巾底女踝襪(彩麻花),45
服飾鞋包_流行鞋襪_襪子_女襪,BVD條紋毛巾底女踝襪(麻酒紅),45
服飾鞋包_流行鞋襪_襪子_女襪,BVD條紋毛巾底女踝襪(中灰),45
服飾鞋包_流行鞋襪_襪子_女襪,BVD條紋毛巾底女踝襪(麻天籃),45
服飾鞋包_流行鞋襪_襪子_女襪,BVD條紋毛巾底女踝襪(灰粉),45
服飾鞋包_流行鞋襪_襪子_女襪,BVD條紋毛巾底女踝襪(紫),45
服飾鞋包_流行鞋襪_襪子_女襪,BVD條紋毛巾底女踝襪(丈青),45
服飾鞋包_流行鞋襪_襪子_女襪,BVD條紋毛巾底女踝襪(黑),45
服飾鞋包_流行鞋襪_襪子_女襪,DG女橫條斑馬襪-顏色隨機出貨,35
服飾鞋包_流行鞋襪_襪子_女襪,BVD1/2細針少女襪 膚,59
服飾鞋包_流行鞋襪_襪子_女襪,BVD1/2細針少女襪 紅磚,59
服飾鞋包_流行鞋襪_襪子_女襪,BVD1/2細針少女襪,59
服飾鞋包_流行鞋襪_襪子_女襪,BVD1/2細針少女襪,59
服飾鞋包_流行鞋襪_襪子_女襪,BVD1/2細針少女襪 紫,59
服飾鞋包_流行鞋襪_襪子_女襪,BVD1/2細針少女襪 鐵灰,59
服飾鞋包_流行鞋襪_襪子_女襪,BVD1/2細針少女襪 黑,59
生活休閒_日用百貨_免洗餐具_烤肉器材(BBQ),【烤肉用品】自然風燒烤兩用盤,499
生活休閒_日用百貨_免洗餐具_烤肉器材(BBQ),【烤肉用品】樂天550型日式烤肉爐,699
生活休閒_日用百貨_免洗餐具_烤肉器材(BBQ),【烤肉用品】自然風木柄雙合烤網-中,109
生活休閒_寵物用品_狗_餵食器,【寵物用品】愛思沛寵物餐桌-顏色隨機出貨,469
生活休閒_運動．休閒．旅行用品_運動用品_健身用品,Comefree 舒活美型拉筋板-顏色隨機出貨,907
生活休閒_運動．休閒．旅行用品_運動用品_其他健身器組,人體工學伏地挺身器(熨斗型),315
生活休閒_運動．休閒．旅行用品_運動用品_其他健身器組,Comefree 小地雷足部按摩器(2入),347
生活休閒_寵物用品_狗_餵食器,【寵物用品】愛思沛狗嘴套 5號,149
生活休閒_寵物用品_狗_餵食器,【寵物用品】愛思沛-萬向固定器飲水頭-顏色隨機出貨,149
生活休閒_寵物用品_狗_餵食器,【寵物用品】寵物無段式飲水器-小,259
生活休閒_寵物用品_狗_餵食器,【寵物用品】E-Z飲水器-顏色隨機出貨,139
生活休閒_寵物用品_狗_洗毛精,【寵物用品】F#3仙境奇緣制菌驅蟲蚤香浴精,129
生活休閒_寵物用品_狗_頸圈,【寵物用品】DogClub10mm拉帶+頸圈,159
生活休閒_寵物用品_狗_頸圈,【寵物用品】DogClub 8mm拉帶+胸背帶-顏色隨機出貨,199
生活休閒_寵物用品_狗_頸圈,【寵物用品】DogClub8mm拉帶+頸圈-顏色隨機出貨,159
生活休閒_寵物用品_狗_頸圈,【寵物用品】高級長鍊帶中型犬用,239
生活休閒_寵物用品_狗_頸圈,【寵物用品】高級真皮八分頸帶,199
生活休閒_寵物用品_狗_頸圈,【寵物用品】高級五分舒適胸背加拉帶-顏色隨機出貨,229
生活休閒_寵物用品_狗_玩具,【寵物用品】逗貓棒(大),79
生活休閒_寵物用品_狗_玩具,【寵物用品】高級乳膠玩餌-款式隨機出貨,89
生活休閒_寵物用品_貓_外出籠．籠子,【寵物用品】寵物專用-貓便盆-顏色隨機出貨,319
生鮮食品_冷藏食品_調理食品_蒟蒻/素食,台康翡翠蔬菜排(冷藏)(蛋奶素)300g,96
大小家電_廚房家電_多功能鍋_多功能鍋,山多力多功能料理鍋-SL-5088,1090
生活休閒_寵物用品_貓_貓乾糧．罐頭,【貓食】偉嘉乾貓糧室內貓專用-1.3kg,220
生活休閒_寵物用品_貓_貓乾糧．罐頭,【貓食】偉嘉乾糧海洋魚類口味 1.2kg,190
服飾鞋包_流行鞋襪_拖鞋．涼鞋_室外拖鞋,母子鱷魚一代輕量氣墊y拖男女款-黃色-38,299
生活休閒_寵物用品_狗_餵食器,【寵物用品】富士碗-中,69
生活休閒_寵物用品_狗_餵食器,【寵物用品】富士碗-小,59
生活休閒_寵物用品_狗_餵食器,【寵物用品】亮面寵物碗 S-顏色隨機出貨,59
生活休閒_寵物用品_狗_洗毛精,【寵物用品】F#4家有健狗洗毛精,199
生活休閒_寵物用品_貓_貓砂,【寵物用品】F#2活力e倍鼠砂1kg-原味,88
生活休閒_日用百貨_餐具/鍋具/廚房配件_燉蒸悶煮鍋,斑馬雙耳火鍋 26CM 4L,1154
生活休閒_日用百貨_餐具/鍋具/廚房配件_燉蒸悶煮鍋,膳魔師寶家不銹鋼雙耳火鍋28cm,1900
生活休閒_日用百貨_餐具/鍋具/廚房配件_燉蒸悶煮鍋,森活魯味鍋4公升(咖啡),409
生活休閒_日用百貨_餐具/鍋具/廚房配件_燉蒸悶煮鍋,古早味滷鍋11號-8公升,739
生活休閒_日用百貨_餐具/鍋具/廚房配件_燉蒸悶煮鍋,韓式陶鍋-1.3公升,1059
生活休閒_日用百貨_餐具/鍋具/廚房配件_燉蒸悶煮鍋,耐熱直火雙耳陶鍋-25公升,879
生活休閒_日用百貨_餐具/鍋具/廚房配件_燉蒸悶煮鍋,康潔 雙格火鍋 28CM,899
生活休閒_寵物用品_狗_外出籠．籠子,【寵物用品】雙門外出籠-48*31*34cm,949
生活休閒_寵物用品_兔子．寵物鼠_寵物籠,【寵物用品】小次郎鼠籠(S),249
生活休閒_寵物用品_狗_衛生配件,【寵物用品】趾甲剪,69
生活休閒_寵物用品_狗_頸圈,【寵物用品】八分舒適頸帶精緻,129
服飾鞋包_流行鞋襪_拖鞋．涼鞋_室內拖鞋,舒適便利室內童拖鞋-桃色-18cm,199
服飾鞋包_流行鞋襪_拖鞋．涼鞋_室內拖鞋,舒適便利室內童拖鞋-藍色-20cm,199
服飾鞋包_流行鞋襪_拖鞋．涼鞋_室內拖鞋,舒適便利室內童拖鞋-藍色-22cm,199
服飾鞋包_流行鞋襪_拖鞋．涼鞋_室內拖鞋,舒適便利室內童拖鞋-黃色-18cm,199
服飾鞋包_流行鞋襪_拖鞋．涼鞋_室內拖鞋,舒適便利室內童拖鞋-黃色-20cm,199
服飾鞋包_流行鞋襪_拖鞋．涼鞋_室內拖鞋,舒適便利室內童拖鞋-黃色-22cm,199
服飾鞋包_男女內著_童內衣．褲_內褲,波力男童精梳純棉內褲2入-90cm,129
生活休閒_運動．休閒．旅行用品_運動用品_健身用品,萬達康全能健身機-強化升級版,2980
生活休閒_寵物用品_狗_衛生配件,充插兩用專業寵物電剪,999
生活休閒_寵物用品_狗_頸圈,【寵物用品】六分皮頸帶,59
生活休閒_寵物用品_狗_外出籠．籠子,【寵物用品】靜電狗籠-2.5尺,999
生活休閒_寵物用品_狗_外出籠．籠子,【寵物用品】靜電狗籠-2尺,699
生活休閒_寵物用品_貓_外出籠．籠子,【寵物用品】艾霏貓砂盆墊子,249
生活休閒_寵物用品_貓_衛生配件,【寵物用品】貓鏟-顏色隨機出貨,59
生活休閒_寵物用品_兔子．寵物鼠_衛生配件,【寵物用品】鼠用轉輪-附架(小)-顏色隨機出貨,89
生活休閒_寵物用品_兔子．寵物鼠_衛生配件,【寵物用品】鼠用方便盆-顏色隨機出貨,89
生活休閒_運動．休閒．旅行用品_運動用品_舉重．啞鈴,15kg成套電鍍啞鈴組,1790
服飾鞋包_流行鞋襪_拖鞋．涼鞋_室外拖鞋,母子鱷魚一代輕量氣墊y拖男女款-藍色-35,299
服飾鞋包_流行鞋襪_拖鞋．涼鞋_室外拖鞋,母子鱷魚一代輕量氣墊y拖男女款-黑色-36,299
服飾鞋包_流行鞋襪_拖鞋．涼鞋_室外拖鞋,母子鱷魚中性氣墊夾腳拖-黑色 37-黑色-37,299
服飾鞋包_流行鞋襪_拖鞋．涼鞋_室外拖鞋,母子鱷魚一代輕量氣墊y拖男女款-藍色-36,299
服飾鞋包_流行鞋襪_拖鞋．涼鞋_室外拖鞋,母子鱷魚一代輕量氣墊y拖男女款-白色-39,299
服飾鞋包_流行鞋襪_拖鞋．涼鞋_室外拖鞋,母子鱷魚一代輕量氣墊y拖男女款-黃色-36,299
服飾鞋包_流行鞋襪_拖鞋．涼鞋_室外拖鞋,母子鱷魚一代輕量氣墊y拖男女款-黃色-37,299
生活休閒_寵物用品_狗_餵食器,【寵物用品】寵物定時自動餵食器-顏色隨機出貨,2299
生活休閒_寵物用品_狗_玩具,【寵物用品】歐卡貓草卷,180
生活休閒_寵物用品_狗_玩具,【寵物用品】奇異鹿角S,280
大小家電_季節家電_空氣清淨機_空氣清淨機,【汽車百貨】尚朋堂車用空氣清淨機SA-2360,1790
服飾鞋包_流行鞋襪_襪子_中性襪,旅行家抗菌防臭 1/2中性休閒襪-#30042 黑色,149
服飾鞋包_流行鞋襪_襪子_中性襪,旅行家抗菌防臭 1/2中性休閒襪-#30042 白色,149
服飾鞋包_流行鞋襪_襪子_中性襪,旅行家抗菌防臭 1/2中性休閒襪-#30042 灰色,149
大小家電_美容．健身家電_身體舒壓_身體舒壓．按摩用品,muva多功能震捶按摩棒,2304
大小家電_美容．健身家電_身體舒壓_身體舒壓．按摩用品,Comefree 小企鵝震捶按摩棒-顏色隨機出貨,890
大小家電_季節家電_空氣清淨機_空氣清淨機,Coway AP-1216綠淨力空氣清淨機,11900
大小家電_季節家電_空氣清淨機_空氣清淨機,Honeywell HPA-300APTW 空氣清淨機,8545
大小家電_季節家電_空氣清淨機_空氣清淨機,尚朋堂SA-2258DC空氣清淨機,4990
大小家電_季節家電_空氣清淨機_空氣清淨機濾網,3M淨巧型空氣清淨機活性碳濾網 X3050-CA,792
服飾鞋包_男女內著_童內衣．褲_內褲,波力男童精梳純棉內褲2入110cm-110cm,129
服飾鞋包_男女內著_童內衣．褲_內褲,波力男童精梳純棉內褲2入130cm-130cm,129
生活休閒_寵物用品_貓_貓乾糧．罐頭,偉嘉乾糧 7歲以上熟齡貓鯖魚口味 1.1kg,190
生活休閒_寵物用品_狗_頸圈,【寵物用品】8#鐵拉帶雙頭鍊-大,229
,【寵物用品】魚網 4吋,25
生活休閒_寵物用品_魚缸．配件_清潔配件,【寵物用品】仙境奇緣 換水專用劑 500ml,189
生活休閒_寵物用品_魚缸．配件_造景石,【寵物用品】仙境奇緣 彩色石 650g,88
大小家電_季節家電_空氣清淨機_空氣清淨機濾網,尚朋堂車用空氣清淨機濾網SA-H160(4入),690
服飾鞋包_流行鞋襪_拖鞋．涼鞋_室外拖鞋,母子鱷魚一代輕量氣墊y拖男女款-藍色-37,299